title,source,category,sub-category,content,label,label_id,topic_id
anggota dprd jabar sebut uu ruzhanul hanya ban serep ridwan kamil.,Kompas.com,Regional,Regional,anggota dprd jawa barat dari fraksi partai gerindra daddy rohanandi menyoroti optimalisasi kinerja wakil gubernur jawa barat yang dinilai hanya sebagai ban serep gubernur jawa barat .istilah itu muncul saat ia memberikan rilis kepada awak media senin 992019 kemarin.saat dikonfirmasi selasa 1092019 daddy menjelaskan ban serep itu merujuk pada kurang terlihatnya kinerja uu sebagai wakil gubernur.ban serep itu soal optimal enggak uu sebagai wakil gubernur. bukan di mata saya saja tapi di mata kawankawan dewan yang lain uu tidak optimal ujar daddy.salah satu indikatornya kata daddy uu seolah tak diberi kewenangan dalam memutuskan sesuatu.ia mencontohkan saat dewan mengundang lembaga eksekutif untuk rapat bersama badan anggaran. namun tanpa ada konfirmasi uu mendadak urung hadir.ada beberapa hal di mata kita. uu misalnya bisa mewakili gubernur untuk katakanlah dia bisa masuk dalam rapat banggar. tapi waktu itu enggak jadi entah uu enggak mau atau enggak boleh atau gimana kata daddy.kemudian sambung daddy ia tak melihat kontribusi uu dalam mengawal sejumlah program.salah satunya soal urusan kemasyarakatan dan sosial yang menjadi tugasnya dalam pembagian porsi kerja bersama ridwan kamil.namun di mata dewan misalnya di komisi ii dan komisi v di mana uu mengurusi bidang kesehatan rumah sakit. sederhana yang terkait dengan kesejahteraan masyarakat ada enggak dinas yang didampingi uu enggak tutur dia.karena itu daddy berharap ada pembagian tugas kerja yang jelas antara ridwan kamil dan uu.jadi jelaskan tegaskan uu diserahi tugas apa. urusan kemasyarakatan misalnya pertanian pesantren itu harus dijelaskan. itu kan tafsir masingmasing jadi dewan juga boleh dong menafsirkan ujar dia.,non-clickbait,0,30
bri saluran kur mikro kepada 15 nasabah mekaar naik kelas.,Kompas.com,Money,Rilis,pt. rakyat indonesia tbk menyalurkan kredit usaha rakyat kur mikro kepada 15 mekaar naik kelas di labuan bajo nusa tenggara timur ntt senin 992019.direktur bisnis mikro yang hadir dalam acara tersebut menjelaskan pihaknya memfasilitasi nasabah mekaar yang naik kelas. mekaar berartimembina ekonomi keluarga sejahtera.artinya nasabah mekaar yang telah dinyatakan lulus dalam proses pembinaan oleh permodalan nasional madani pnm untuk mendapatkan akses pembiayaan kur mikro.kriteria nasabah mekaar naik kelas diantaranya menjadi nasabah aktif tidak pernah mempunyai tunggakan angsuran selama menjadi nasabah memiliki prospek usaha baik dan memerlukan pembiayaan dari perbankan serta mempunyai catatan baik imbuh supari dalam keterangan tertulisnya senin 992019.bank bri kata dia memberikan kemudahan syarat bagi nasabah mekaar naik kelas yang akan mengajukan pembiayaan. syaratnya cukup direkomendasi oleh pnm memiliki kegiatan usaha tidak dimintaagunan tambahan proses cepat dan langsung masuk rekening tabungan.syarat lain yakni nasabah tidak sedang memiliki kredit produktif di lainserta tidak pernah menunggak angsuran ujar supari.supari menjelaskan tak hanya memberikan pembiayaan bank bri melalui program bri incubator juga akan melakukan pendampingan dan pelatihan bagi nasabah mekaar naik kelas.program ini bertujuan untuk meningkatkan kompetensi mereka dalam menjalankan usaha mendapatkan kemudahan dalam mengakses pasar serta meningkatkan inklusi keuangan pungkas supari.sinergi bumn antara bank bri dengan pnm diharapkan dapat menciptakan usaha produktif berkelanjutan dan meningkatkan kesejahteraan masyarakat.selain supardi dalam acara tersebut hadir pula menteri bumn rini soemarno dan wakil direktur utama bank bri catur budi harto.,non-clickbait,0,23
menteri rini tunjuk plt dirut dan direktur ptpn iii.,Kompas.com,Money,Whats New,menteri rini soemarno menunjuk seger budiardjo sebagai pelaksana tugas plt pt perkebunan nusantara iii persero. seger saat ini merupakan direktur sdm dan umum .rini juga menetapkan ahmad haslan saragih sebagai plt direktur pemasaran di samping tugasnya sebagai direktur produksi dan pengembangan ptpn iii.penunjukan pejabat pelaksana tugas ini ditetapkan pada 09 september 2019 melalui suratno. sk193mbu092019 sampai dengan diangkatnya direktur utama dan direktur pemasaran yang definitif.dalam keputusannya rini memberhentikan dolly p pulungan dan i kadek kertha laksana dari jabatannya sebagai direktur utama dan direktur pemasaran ptpn iii.keputusan ini berlaku mulai hari ini dengan ketentuan bahwa apabila dikemudian hari terdapat kekeliruan didalamnya akan diadakan pembetulan sebagai mestinya kata rini dalam keterangan resmi senin 992019.sekretaris perusahaan ptpn ii irwan peranginangin menjelaskan penetapan pejabat pelaksana tugas direksi perseroan dinilai sebagai tindakan cepat dalam merespon situasi dan kondisi perusahaan agar operasional perusahaan tetap berjalan dengan baik.kami berharap berharap keputusan ini bisa dijalankan dengan baik untuk melaksanakan transformasi bisnis yang sudah berjalan dan program kerja di lingkup perkebunan nusantara group kata irwan.,non-clickbait,0,23
pemkot jakarta utara akan pasang alat pengukur kualitas udara di lokasi peleburan alumunium.,Kompas.com,News,Megapolitan,pemerintah kota jakarta utara akan memasang alat pengukur di sekitar industri rumahan pembakaran dan aluminium di cilincing jakarta utara.hal itu bertujuan untuk memastikan seberapa besar dampak dari asap yang dikeluarkan puluhan industri tersebut terhadap kualitas udara di sekitarnya.walikota jakarta utara sigit wijatmoko mengatakan pemasangan alat tersebut akan menjadi dasar pengambilan keputusan terhadap lapaklapak peleburan alumunium tersebut.sudah saya sanpaikan kepada sudin lingkungan hidup untuk segera melaksanakan pemasangan alat pemantau sehingga ukurannya jelas. dan ini akan menjadi sebuah dasar kebijakan kata sigit saat dikonfirmasi senin 1692019.selain penindakan sigit menginginkan agar ada perubahan terkait proses pembakaran arang batok dan peleburan aluminium yang saat ini dilakukan secara tradisional ke arah yang lebih modern.karena kata sigit lapaklapak yang berdiri di cilincing tersebut juga sedikitnya berperan dalam pengolahan limbah yang kemudian menjadi produk yang bisa kembali dimanfaatkan masyarakat.untuk itu kami akan pantau dan memberikan pelatihan karena ke dua jenis usaha ini merupakan usaha olahan limbah. jadi pemerintah tidak hanya memikirkan sanksi tapi juga memikirkan kebijakan berdampak yang lebih panjang dan kompleks. dengan tentunya tidak mentoleransi terhadap penurunan baku mutu lingkungan jelasnya.sebelumnya diberitakan sebelumnya diberitakan puluhan lapak industri pembakaran arang dan alumunium yang kerap mengeluarkan asap tebal dan bau menyengat ini dikeluhkan oleh warga sekitar.bahkan salah seorang guru sdn cilincing 07 pagi berinisial s mengalami pneumonia akut. diduga penyakit gangguan pernapasan itu disebabkan oleh paparan asap pembakaran arang dan yang tak jauh dari sekolah tersebut.atas peristiwa tersebut para wali murid pun mengkhawatirkan kondisi kesehatan dari anakanak mereka yang bersekolah di sana.,non-clickbait,0,25
bekas dirut petral ditetapkan sebagai tersangka kasus mafia migas.,Kompas.com,News,Nasional,komisi pemberantasan korupsi menetapkan eks direktur utama pertamina energy trading ltd bambang irianto sebagai tersangka kasus .wakil ketua kpk laode m syarif mengatakan bambang ditetapkan sebagai tersangka atas statusnya sebagai managing director pertamina energy service pte. ltd pes periode 20092013.kpk menetapkan satu orang sebagai tersangka yakni bto managing director pertamina energy service pte. ltd periode 20092013. catatan bto juga menjabat sebagai direktur utama sebelum dilakukan penggantian pada tahun 2015 kata laode dalam konferensi pers selasa 1092019.berdasarkan hasil penyelidikan kpk bambang diduga telah menerima suap sedikitnya 29 juta dollar as selama periode 20102013 melalui rekening perusahaan siam yang didirikannya.laode menuturkan bambang menerima uang itu dari perusahaan oil karena telah mengamankan jatah alokasi kargo perusahaan itu dalam tender pengadaan atau penjualan minyak mentah atau produk kilang.bambang diduga telah menerima uang sekurangkurangnya us29 juta atas bantuan yang diberikannya kepada pihak kernel oil terkait dengan kegiatan perdagangan produk kilang dan minyak mentah kepada pespt pertamina persero di singapura dan pengiriman kargo ujar laode.laode menambahkan kpk telah memeriksa 53 orang saksi dan menggeledah lima rumah dan gedung dalam proses penyelidikan kasus tersebut.atas perbuatannya bambang disangkakan melanggar pasal 12 huruf a atau pasal 12 huruf b subsider pasal 11 undangundang nomor 31 tahun 1999 sebagaimana telah diubah dengan undangundang nomor 20 tahun 2001 tentang pemberantasan tindak pidana korupsi.,non-clickbait,0,25
wali kota di brasil ini larang penjualan komik marvel yang tampilkan ciuman 2 pria superhero.,Kompas.com,International,Internasional,rio de janeiro di pada sabtu 792019 mengeluarkan penjualan buku yang dianggap menampilkan konten tidak pantas untuk anak di bawah umur.wali kota marcelo crivella memerintahkan penarikan buku komik marvel yang menampilkan di karakter superhero pria sedang berciuman dari sebuah gelaran pameran buku di rio de janeiro.diberitakan konservatif itu memerintahkan buku itu dihapus dari daftar penjualan karena konten seksual yang tidak sesuai untuk anak di bawah umur.crivella yang merupakan mantan uskup di gereja universal kerajaan allah terpilih sebagai wali kota rio pada 2016. dalam kampanye pemilihannya dia menjanjikan untuk membawa hukum dan ketertiban di kota yang banyak terjadi tindak kejahatan itu. yang dimaksud wali kota adalah komik avengers terbitan 2010 berjudul childrens crusade yang ditulis dan diilustrasikan oleh allan heinberg dan jim cheung.dalam salah satu adegan di buku komik itu menampilkan karakter pria pahlawan super hukling dan wiccan yang berciuman.namun larangan penjualan yang dikeluarkan wali kota juga berdampak sebaliknya.langkah crivella yang melarang komik itu justru mendorong buku itu dengan cepat terjual habis dalam pameran buku dua tahunan di rio de janeiro itu.seorang youtuber asal brasil felipe neto yang memiliki 34 juta di kanalnya juga melakukan aksi protes atas larangan wali kota dengan membeli 14.000 eksemplar buku bertema untuk kemudian dibagikan secara gratis dalam acara pameran.surat kabar nasional terbesar brasil folha de s paulo bahkan menampilkan gambar adegan dalam komik itu sebagai sampul untuk sampul edisi sabtu 792019.pihak penerbit dan penulis komik juga telah menuding wali kota ingin melakukan penyensoran terhadap konten.,non-clickbait,0,13
panglima tni karhutla tanggung jawab bersama.,Kompas.com,Regional,Regional,marsekal hadi tjahjanto mengigatkan bahwa kebakaran hutan dan lahan merupakan tanggung jawab bersama.kita semuanya memahami dan sepakat bahwa penanggulangan karhutla tanggung jawab bersama ada gubernur bupati dan seluruh yang ada kata hadi dalam konferensi pers di gedung daerah riau di pekanbaru selepas menggelar rapat koordinasi penanggulangan dan pencegahan sabtu 1492019.ia menanggapi bencana karhutla dan kabut asap yang juga belum selesai di riau maupun di sejumlah wilayah di sumatera.dia mengatakan penanggulangan dan pencegahan karhutla telah dilakukan dengan berbagai upaya di antaranya operasi pemadaman baik dari darat maupun menggunakan kita telah mengerahkan 5.809 personel ke titiktitik api yang setiap hari dilaporkan. kemudian operasi kita telah melakukan penyiraman 28.000 dengan total air sudah 112 juta liter ucap hadi.saat ditanya wartawan terkait perintah presiden joko widodo widodo untuk mencopot pejabat yang gagal mengatasi karhutla hadi mengaku akan melaksanakan perintah tersebut.itu sudah perintah dan akan dilaksanakan ucap hadi.rapat penanggulangan dan pencegahan karhutla yang digelar tertutup di gedung daerah riau jumat.rapat dihadiri panglima tni marsekal hadi tjahjanto asops kapolri irhen martuani sormin kepala bnpb letjen tni doni monardo gubernur riau syamsuar dan wakilnya edy natar nasution pandam ibukit barisan mayjen tni m sabrar fadhilah dan dirjen gakkum klhk rasio ridho sani.rapat juga diikuti jajaran forkompimda provinsi riau. kabut asap pekat masih menyelimuti wilayah provinsi riau.wilayah yang teraparah yakni kota pekanbaru.sementara itu tim satgas karhutla riau juga masih terus berjibaku memadamkan titik api karhutla yang terjadi disejumlah wilayah di riau.,non-clickbait,0,30
kuasa hukum jefri nichol gunakan narkoba karena dihasut.,Kompas.com,Entertainment,Seleb,kuasa hukum artis peran aris marasabessy mengatakan bahwa kliennya menggunakan narkoba karena ada hasutan dari seseorang berinisial t.sebelumnya dalam persidangan pemeriksaan saksi yang dihadirkan oleh jaksa penuntut umum jpu pengadilan negeri jakarta selatan terungkap bahwa jefri mendapatkan ganja dari t.jefri bukan membeli ganja melainkan diberi oleh t yang saat ini masih buron dan menjadi daftar pencarian orang dpo polres jakarta selatan.dia diberikan karena dia jefri enggak bisa tidur dia tanya ke temantemannya termasuk t. eh enggak bisa tidur nih kata aris usai persidangan di pn jakarta selatan senin 1692019.akhirnya dikasih ganja. karena diberikan berarti ada hasutan. artinya dia korban. ketika dikasih itu kan indikasinya korban sambung aris.adapun dalam persidangan salah satu saksi fakta yakni pipin haryono yang merupakan anggota satres narkoba polres jakarta selatan mengakan jefri mendapatkan ganja dari seseorang temannya yang berinisial t pada 6 juli 2019.dikasih dari seorang temannya si t kata pipin.t memberikan ganja tersebut kepada jefri karena pemain film tersebut mengeluh kesulitan tidur kepada temantemannya termasuk kepada t.jefri tidak bisa tidur kata pipin menjawab pertanyaan hakim ketua krisnugroho.hari ini jpu menghadirkan dua orang saksi fakta dalam sidang kasus narkoba yang menjerat jefri nichol di p jakarta selatan.selain pipin ada wahyu kurniawan yang juga anggota satres narkoba polres jakarta selatanadapun sidang kasus jefri kembali akan dilanjutkan dengan agenda pemeriksaan saksi dari jpu pada rabu 1892019.jaksa akan menghadirkan dua saksi lagi masingmasing dari badan narkotika nasional dan rumah sakit ketergantungan obat rsko.,non-clickbait,0,9
polisi sebut ketersediaan air jadi kendala pemadaman karhutla.,Kompas.com,News,Nasional,polisi mengungkapkan bahwa kendala dalam memadamkan kebakaran hutan dan lahan adalah minimnya .apalagi kepala biro penerangan masyarakat divisi humas brigjen pol dedi prasetyo mengungkapkan fenomena el nino yang terjadi saat ini memperparah ketersediaan air.kendalanya adalah air karena lokasi cukup jauh dari air. memang saat ini adalah kemaraunya el nino artinya kemarau kering di mana tingkat kadar air di tempattempat hutanhutan itu sudah sangat langka dan kering apalagi di gambut kata dedi di gedung bareskrim polri jakarta selatan senin 1692019.untuk diketahui elnino merupakan salah satu variasi angin dan suhu permukaan laut di wilayah tropis belahan timur samudra pasifik yang ireguler dan berkala.untuk mengantisipasi karhutla dedi mengatakan bahwa telah terdapat satuan tugas satgas di masingmasing daerah.satgas tersebut terdiri dari badan penanggulangan bencana daerah bpbd yang didukung anggota tnipolri badan nasional penanggulangan bencana bnpb dan pemerintah daerah.satgas memantau atau memetakan daerah mana saja yang terjadi karhutla. pemantauan juga dilakukan melalui satelit. kemudian aparat juga terjun langsung ke lapangan.kemudian kita juga memantau terus 1x24 jam dengan menggunakan 2 satelit hotspotnya. kemudian ada juga pasukan patroli lapangan itu gabungan terpadu untuk mengecek firespotnya dan dilakukan upaya pemadaman tuturnya.berdasarkan data per senin 1692019 hari ini polisi telah menetapkan 185 orang dan 4 korporasi sebagai tersangka karhutla di sumatera dan kalimantan.rinciannya terdapat 47 tersangka yang ditetapkan oleh polda riau. sementara 1 perusahaan yaitu pt sumber sawit sejahtera sss telah ditetapkan sebagai tersangka untuk karhutla di riau.kemudian sebanyak 18 tersangka di daerah sumatera selatan. selanjutnya terdapat 4 tersangka di jambi dan 2 tersangka di kalimantan selatan.untuk daerah kalimantan tengah polda setempat menetapkan 45 orang dan pt palmindo gemilang kencana pgk sebagai tersangka.selanjutnya sebanyak 59 tersangka dan dua korporasi menjadi tersangka di kalimantan barat. dua perusahaan yang menjadi tersangka di kalbar adalah pt sisu dan pt sap.,non-clickbait,0,25
virgil van dijk tak segan puji sule sebagai bek hebat.,Kompas.com,Bola,Internasional,pertemuan antara jerman kontra belanda pekan lalu tidak hanya menyisakan kekalahan bagi tuan rumah der panzer.bek mahal liverpool yang memuji pemain bertahan bayern munchen niklas sule saat keduanya bertemu pada babak kualifikasi piala euro 2020.hal ini melihat performanya yang selalu tampil apik baik di tim nasional jerman maupun klubnya.van dijk mengungkapkan pemain muda berusia 24 tahun itu memiliki masa depan yang cerah.sekaligus menjadi salah satu pemain belakang yang difavoritkan oleh van dijk.saya sudah memantau perkembangan sule sejak lama kata bek liverpool ini.saya sering melawan dia. dia adalah pemain bertahan yang sangat bertalenta. sule punya masa depan yang cerah. dia bermain untuk klub besar tambah van dijk.seperti diketahui van dijk saat ini disejajarkan dengan lionel messi dan cristiano ronaldo dalam perebutan gelar pemain terbaik fifa.sebelumnya dirinya mendapatkan penghargaan pemain terbaik dari uefa musim 20182019.terpisah sule saat ini menjadi salah astu pemain bertahan andalan bayern munchen setelah ditinggal matt hummels.,non-clickbait,0,6
pencabutan subsidi listrik tunggu pengesahan apbn 2020.,liputan6.com,Bisnis,Energi & Tambang,pemerintah dan badan anggaran dpr telah sepakat untuk golongan 900 volt amper va rumah tangga mampu rtm akan dicabut untuk pelaksanaannya dilakukan setelah undangundang anggaran pendapatan belanja negara apbn 2020 disahkan.direktur jenderal ketenagalistrikan kementerian energi sumber daya mineral esdm rida mulyana mengatakan pencabutan subsidi listrik untuk golongan pelanggan rtm masih menunggu keputusan apbn 2020 dalam sidang paripurna.keputusan itu kalau sekiranya sudah jadi undangundang apbn kata rida di gedung dpr jakarta selasa 1092019.pencabutan subsidi listrik untuk golongan 900va rtm merupakan imbas dari kesepakatan alokasi yang lebih rendah dari yang diusulkan dalam rancangan anggaran pendapatan belanja negara rapbn 2020 awalnya kementerian esdm mengusulkan subsidi listrik rp 622 triliun namun dalam rapat banggar dpr disepakati menjadi rp 548 triliun.ya kemarin kan di banggar bersepakat ini kesepakatan rapat ya bahwa yang 900 rtm tidak lagi disubsidi ujarnya.rida menjelaskan pencabutan untuk pelanggan 900 va rtm bukan untuk memberatkan masyarakat tetapi agar subsidi disalurkan lebih tepat sasaran.kita ingin tepat sasaran sama tidak berencana untuk mengurangi subsidi tapi ingin subsidi tepat sasaran tandasnya.ptplnpersero menyatakan sesuai keputusan badan anggaran banggar dpr rancangan anggaran pendapatan belanja negara rapbn 2020 subsidi listrik untuk golongan 900volt amper va dicabut hal ini merupakan dampak dari penurunan alokasi subsidi energi.direktur pengadaan strategis ii pt pln persero djoko raharjo abumanan mengatakan berdasarkan keputusan banggar dpr pencabutan subsidi listrik berlaku untuk golongan 900 va bersubsidi dan non subsidi keputusan ini berlaku sejak januari 2020.kemarin keputusan di senayan banggar sudah deh semua 900 dicabut. begitu semua pelanggan 900 baik yang mampu tidak mampu kalau dia pelanggan 900 dicabut subsidinya sudah 900 pasti mampu lah kata djoko saat menghadiri ipa convex 2019 di jakarta convention center jcc rabu 492019.djoko mengungkapkan saat ini jumlah pelangganplndengan daya 900 va mencapai 27 juta angka tersebut bertambah dari jumlah sebelumnya kerena setiap tahun pelanggan baru 900va bertambah 3 juta.kirakira itu nanti januari jumlahnya 27 juta pelanggan 900. nyambungnya kan 3 jutaan tiap tahun nah kita prediksi januari besok jumlhnya jadi 27 juta jelasnya.pencabutan subsidi listrik pada golongan pelanggan mampu dilakukan agar penyaluran subsidi tepat sasaran hal ini dilakukan pertama kali pada 2016.untuk golongan 900 va dilakukan pemisahan antara golongan 900 va bersubsidi karena masuk golongan tidak mampu dan 900 va non subsidi karena masuk dalam kategori rumah tangga mampu rtm.itu kan isu lama ya sebenarnya bahwa subsidi itu harus terarah tepat sasaran. pln minta itu tepat sasaran tandasnya.,non-clickbait,0,5
atlet jetski indonesia aqsa sutan aswar juara di amerika serikat.,liputan6.com,Bola,Sports,atlet jetski andalan indonesia kembali meraih hasil membanggakan. aqsa berhasil menjuarai kejuaraan p1 aquacross round4 di pensacola beach florida amerika serikat pada 78 september 2019.yang lebih membanggakangelar yang diraih aqsa ini didapat di kelas tertinggi yang dipertandingkan yakni kelas pro endurance 300.di kejuaraan internasional ini aqsa turun bersama aero kakaknya di bawah bendera tim jetski indonesia pp. ijba.kejuaraan p1 aquacross round4 yang juga diikuti oleh para jawara jetski kelas dunia tersebut berlangsung sebanyak 4 moto dengan sangat ketat dan menegangkan.sejak moto pertama hingga moto ke empat tersebut aqsa selalu melesat hole shoot pada putaran awal mengungguli pembalap dunia lainnya seperti chris macclugage kakaknya aero aswar brian baldwin dan eric francis yang senantiasa menguasai arena kejuaraan p1 aquacross us maupun kejuaraan internasional lainnya.aqsa meraup poin tertinggi mengungguli pembalap lainnya masingmasing pada moto pertama dan ketiga. sementara pada moto kedua aqsa kalah tipis dari brian dan chris. sedangkan di moto keempat merupakan moto final jetski yang digunakan aqsa mengalami masalah serius terjadi ketika saling mengungguli dengan pembalap lainnya sehingga akhirnya tidak mampu finis.meski demikian karena poin yang dikumpulkan pada moto satu sampai tiga sebelumnya sudah cukup tinggi dan pembalap lainnya tidak mampu melampauinya. tetap tak terbendung untuk menjuarai kejuaraan p1 aquacross round4 2019 dengan nilai tertinggi 67. dua pembalap dunia lainnya yakni brian baldwin dan chris macclugage berada dibawahnya dengan poin yang sama yakni masingmasing 65.aero aswar sendiri sempat beberapa kali mengalami masalah dengan mesin jetskinya sehingga hanya mampu berada di posisi overall ke 9.keduanya berharap balapan kali ini akan menjadi modal utama dalam menghadapi kejuaraan dunia world finals 2019 oktober 2019 nanti yang akan dilangsungkan di havasu city arizona amerika serikat.sementara itu ketua umum pp ijba fully mengaku cukup puas dengan performance aqsa dan aero. saya puas walaupun keduanya tidak memiliki waktu istirahat yang cukup setelah melalui penerbangan panjang yang melelahkan dari jakarta. selain mereka juga tidak lagi melakukan proses klimatisasi suhu maupun setting jetski setibanya di amerika atau dengan kata lain ketika mereka datang mereka langsung mengikuti balapan tanpa penyesuaian tetapi mampu memenangkan pertarungan diantara pembalap dunia lainnyakata fully dalam keterangan tertulisnya selasa 1092019.,non-clickbait,0,6
peugeot 3008 dan 5008 diklaim sesuai dengan iklim indonesia.,liputan6.com,Otomotif,Oto News,pt astra international tbk peugeot sales operation astra peugeot terus berupaya untuk meningkatkan penjualan modelnya di indonesia. salah satu caranya dengan memberikan penjelasan terkait teknologi yang tersemat di dua produk andalannya 3008 dan 5008.beberapa teknologi yang dijelaskan adalah mesin ethp efficientturbo high pressure teknologi transmisi eat6 efficient automatic transmission 6 dan advance grip control.selain teknologi peugeot juga menjelaskan program jaminan garansi lima tahun untuk modelmodel yang dijual di indonesia.peugeot 3008 suv dan 5008 suv menggunakan teknologi yang sudah disesuaikan dengan kondisi iklim di indonesia ujar samsudin aftersales support astra peugeot dalam siaran pers yang diterima selasa 1092019.dalam penjelasan mesin yang digunakan peugeot 3008 suv dan 5008 suv yang dijual di indonesia adalah mesin berkapasitas 16 liter ethp efficientturbo high pressure.mesin berteknologi turbo tersebut menghasilkan tenaga sebesar 167tk dan torsi sebesar 240 nm. secara responsif dapat mengakselerasi kendaraan dengan mudah sampai dengan kecepatan 200 km per jam dan konsumsi bahan bakar dapat mencapai 14 km per liter bensin.sedangkan transmisi yang digunakan peugeot disebut eat6 efficient automatic transmission 6 yang merupakan transmisi otomatis enam percepatan yang menggabungkan kenyamanan berkendara dan efisiensi.transmisi eat6 juga menghasilkan perpindahan gigi yang mudah dan cepat yang memberikan pengalaman berkendara lebih menyenangkan di berbagai kondisi jalan.peugeot 3008 suv 5008 suv juga memiliki teknologi advanced grip control yaitu lima pilihan mode berkendara yang bisa disesuaikan dengan berbagai medan yang dihadapi seperti mode normal bersalju berpasir berlumpur dan esp off.di luar teknologiteknologi canggih yang disematkan pada peugeot 3008 suv dan 5008 suv astra peugeot juga memberikan jaminan layanan purna jual lima tahun termasuk lima tahun atau 60 ribu km peugeot maintenance package lima tahun atau 100 ribu km garansi dan lima tahun peugeot 24 hour roadside assistance oleh astraworld.jaringan astra peugeot di indonesia sudah tersebar di area jakarta banten solo jawa tengah dan surabaya jawa timur.,non-clickbait,0,26
daniel mananta ceritakan ribetnya produseri film.,okezone.com,Celebrity,Berita Film,bertindak sebagai produser dan executive producer dalam film. ini menjadi kali ke2 daniel berperan sebagai produser film setelah sebelumnya merilis killers.daniel mananta mengakui betapa ribetnya ia saat menjadi seorang produser. hal itu disebabkan oleh setting film yang mengambil waktu dari tahun 19891999.yes. ribet. ribetnya sebenarnya kayak gini kayak kita pertama moodnya yang harus diambil tuh tahun 90an akhir 80an sampai akhir 90an itu yang kita agak ribet kata daniel saat ditemui di jakarta pusat rabu 1892019.daniel mananta lalu menceritakan bagaimana ribetnya ia ketika harus mengumpulkan berbagai footage dari perjalanan susi susanti selama bertarung di berbagai kompetisi badminton dunia.,non-clickbait,0,7
google konfirmasi warna coral pixel 4 lewat iklan di times square.,okezone.com,Tekno,Gadget,google akan meluncurkan ponsel terbarunyadan pixel 4 xl pada 15 oktober di new york. menariknya sebelum resmi diluncurkan google mengkonfirmasi hadirnya warna baru pada ponselnya yakni warna coral.hal tersebut terlihat dari papan iklan digitaldi times square new york. dilansir dari lamanrabu 1892019 warna yang sedang tren ini tampaknya akan menjadi pilihan ketiga dari warna hitam dan putih. sebelumnya berita tentang warna baru tersebut juga telah bocor namun belum dapat dipastikan.awal tahun google mengungkapkan desain belakang ponsel yang menyematkan dual kamera dalam modul persegi. ini juga terlihat dalam iklan google di times square. bentuknya sedikit mirip dengan ponsel iphone terbaru iphone 11.menurut rumor google pixel 4 dan pixel 4 xl akan menyematkan prosesor snapdragon 855 ram 6gb kamera belakang ganda dengan sensor utama 12 mp dan telefoto 16 mp.akan memiliki layar yang lebih kecil yakni 57 inci oled dan baterai 2.800 mah. sedangkan google pixel xl akan memiliki layar 63 inci oled dengan daya 3.700 mah.,non-clickbait,0,35
sepeda motor terbang akan ramaikan pameran tokyo motor show 2019.,okezone.com,Otomotif,Motor,pameran sekelas oktober mendatang tidak hanya menjadi panggung bagi produk lini kendaraan andalan tiap produsen ternama dunia. pengunjung turut diperkenalkan pada produk kendaraan baru menghadapi kemajuan teknologi masa depan.contoh teknologi terbaru yang muncul dalam tokyo motor show nanti adalah sebuah purwarupa motor terbang. seperti dilansir dari japantoday perusahaan ali technologies sedang mengembangkan kendaraan motor yang mampu mengambang serta tidak menyentuh permukaan aspal jalanan dengan sebutan speeder.penggunaan bahan khusus carbon fiber reinforced plastic cfrp pada bodi motor memiliki pengaruh besar dalam pengurangan beban kendaraan tersebut. nantinya speeder akan termasuk dalam golongan kendaraan lepas landas dan mendarat vertikal vtol dengan tinggi layang sekitar puluhan sentimeter dari permukaan tanah.motor ini dilengkapi dengan dua mesin pada bagian depan dan belakang serta setiap mesin memiliki balingbaling untuk menghasilkan tenaga pendorong ke bawah. sementara untuk bergerak maju dan berbelok motor ini akan menggunakan dua balingbaling kecil di sisi kanan dan kiri pada bagian motor. motor ini memiliki ukuran panjang sekitar 2 meter dan lebar 15 meter.,non-clickbait,0,26
kronologi meninggalnya ayah donny alamsyah.,okezone.com,Celebrity,Hot Gossip,kabar duka datang dari keluarga donny alamsyah. sang ayah benjamin bin djunaedi dikabarkan meninggal dunia pada hari selasa 1792019.menurut penuturan tetangganya casam benjamin sempat terjatuh di kamar mandi sebelum akhirnya dilarikan ke rs fatmawati jakarta selatan. saat itu casam mendengar pihak keluarga berteriak minta tolong karena benjamin terjatuh.jam 06.05 wib jatuh dari kamar mandi. dia mendengar ada pihak keluarga yang teriak minta tolong. kemudian saya sambangi ternyata pak benjamin sudah lemas dan kondisinya dipangku sama istrinya kata casam ditemui di rumah duka di kawasan jakarta selatan.tak lama setelah itu tetangga mulai berdatangan untuk membantu. casam sendiri sebenarnya melakukan pengecekan denyut nadi dan meminta pihak keluarga segera membawa benjamin ke rumah sakit.,non-clickbait,0,7
hipmi ingin pengusaha muda jadi konglomerat baru indonesia.,okezone.com,Economy,Sektor Riil,himpunan pengusaha muda indonesia hipmi ingin para pengusaha muda di indonesia naik kelas menjadi konglomerat. karena hipmi menilai saat konglomerat indonesia ini tak banyak berubah dan diisi oleh segelintir orang.ketua umum hipmi bahlil lahdahilia mengatakan hingga saat ini nama nama konglomerat di indonesia masih diisi namanama lama. bahkan namanama lama ini sudah terjadi sejak tahun 1998 pada saat krisis moneter.bahwa dalam reformasi 1998 memiliki di urusan politik tetapi konglomeratnya masih belum ganti dan ituitu saja. kami mohon temanteman muda ingin naik kelas ujarnya dalam acara munas hipmi di hotel sultan jakarta senin 1692019.menurut bahlil keinginan para pengusaha muda ini bukan untuk memusuhi konglomerat yang ada. justru sebaliknya para pengusaha muda ini ingin bisa membantu pemerintah untuk naik kelas menjadi konglomerat.kami tidak bermaksud konglomerat tidak kita musuhi yang kuat tetap kuat tapi yang bawah bisa jadi kuat ucapnyameski begitu bahli merasa jumlah pengusaha masih sangat sedikit dibandingkan negara tetangga lainnya. sehingga harus ada virus dari para konglomerat untuk menumbuhkan pengusaha baru.jumlah pengusaha nasional sekarang sudah mencapai 31 dari jumlah penduduk. ini kita lakukan hipmi go to school kampus pesantren. tapi kita tidak boleh berbangga diri karena kita tetap terlau jauh negaranegara asia tenggara filipina 4 singapura 7 malaysia 5 persen thailand 56. kita masih sangat jauh di bawah dan oleh karena itu kita harus melanjutkan untuk menyebarkan virus entrepreneurship ujar dia.,non-clickbait,0,8
trump umumkan perundingan damai dengan taliban sudah mati.,detik.com,detikNews,Internasional,washington presiden amerika serikat donald trump mengumumkan bahwa perundingan damai dengan taliban sudah mati. pengumuman ini disampaikan trump setelah membatalkan pertemuan rahasia dan perundingan damai dengan kelompok militan afghanistan tersebut.itu perundingan mati. sejauh yang saya tahu itu sudah mati kata trump di gedung putih mengenai upaya sejak lama untuk mencapai kesepakatan dengan taliban setelah berperang selama 18 tahun.pengumuman ini disampaikan menyusul pembatalan dramatis rencana rahasia untuk menerbangkan para pemimpin taliban guna melakukan pembicaraan langsung di tempat peristirahatan kepresidenan camp david di pinggiran washington. googletag.cmd.pushfunction googletag.displaydivgptad15659500138980 baca juga bom taliban meledak di dekat kedubes as di kabul 10 orang tewastrump mengatakan usai pembatalan perundingan damai itu militer as melancarkan serangan paling ganasnya terhadap taliban dalam satu dekade terakhir. trump menyatakan pembatalan perundingan damai tersebut sebagai balasan atas pembunuhan seorang tentara as oleh taliban dalam serangan bom di kabul pekan lalu. dalam empat hari terakhir kita telah menyerang musuh kita lebih keras daripada kapanpun dalam sepuluh tahun terakhir demikian cuitan trump di twitter seperti dilansir kantor berita afp selasa 1092019.sebelumnya pada minggu 89 waktu setempat menteri luar negeri as mike pompeo mengatakan bahwa kami telah membunuh lebih dari seribu taliban dalam 10 hari terakhir.perang as di afghanistan dimulai ketika as melancarkan serangan udara satu bulan setelah serangan teroris alqaeda pada 11 september 2001 dan setelah taliban menolak menyerahkan pemimpinnya osama bin laden.baca juga bom meledak saat resepsi pernikahan di afghanistan 63 orang tewasas membentuk koalisi internasional dan taliban pun digulingkan dari kekuasaan. namun taliban berubah menjadi pasukan pemberontak dan terus melancarkan serangan mematikan hingga menggoyahkan pemerintahan afghanistan berikutnya.koalisi internasional kemudian mengakhiri misi tempurnya pada tahun 2014 tetapi menyisakan sebagian tentara hanya untuk melatih pasukan afghanistan.as tetap melanjutkan operasi tempurnya sendiri dengan skala yang lebih kecil termasuk seranganserangan udara. saat ini sekitar 14.000 tentara as masih ditempatkan di afghanistan. itaita amerika serikat taliban afghanistan,non-clickbait,0,39
ibu yang buang bayi mengenaskan di tangerang seorang mahasiswi.,detik.com,detikNews,Berita,tangerang seorang perempuan berinisial rf 20 menyerahkan diri ke polisi setelah mengakui telah membuang bayi di cisauk kabupaten tangerang. rf adalah seorang mahasiswi yang hamil di luar pernikahan.informasi dia masih pelajar kuliah ya. usianya 20 tahun kata kasat reskrim polres tangerang selatan akp muharam wibisono kepada detikcom selasa 1092019.muharam mengatakan rf melakukan hubungan intim dengan pacarnya hingga hamil. setelah mengetahui hamil dia lalu mengaborsi kandungannya lalu membuang jasadnya di lokasi. googletag.cmd.pushfunction googletag.displaydivgptad15659500138980 baca juga ibu bayi yang kakitangannya putus di tangerang serahkan diri ke polisikalau keterangan awal dia itu berbuatnya sama pacarnya ya. ketika bulan april 2019 itu kan mereka berdua ngecek ternyata ada kandungan itu dalam kandunganya umur 56 bulan ungkap muharam.belum dijelaskan apa alasan rf menggugurkan kandungannya lalu membuangnya. polisi saat ini masih mengejar kekasih rf berinisial j.diketahui mayat bayi itu pertama kali ditemukan oleh warga di perumahan korpri blok j26 rt 006009 desa suradita kecamatan cisauk kabupaten tangerang senin 99 pukul 11.30 wib siang. mayat bayi itu ditemukan dalam keadaan kaki dan tangan terputus.polisi memperkirakan jasad korban sempat dimakan binatang hingga hancur. polisi memperkirakan usia bayi sekitar 56 bulan dalam kandungan.baca juga tangankaki putus mayat bayi di tangerang diduga dimakan binatang sammea mayat bayi penemuan mayat bayi mayat bayi di tangerang tangerang,non-clickbait,0,39
pertamina kucurkan dana rp 625 juta atasi kebakaran di riau.,detik.com,detikNews,Berita,jakarta pt pertamina persero mengucurkan dana sebesar rp 625 juta untuk menyukseskan salah satu program csr yang bertajuk kurikulum sekolah cinta gambut. hal itu dilakukannya sebagai upaya mengatasi masalah kebakaran lahan gambut yang sering terjadi di provinsi riau.kurikulum sekolah cinta gambut diinisiasi pertamina sejak tahun 2017 dan telah diajarkan pada ribuan pelajar di kabupaten bengkalis. program ini bertujuan lahirnya sekolah berwawasan lingkungan adiwiyata dan juga melahirkan literatur tentang pengelolaan lahan gambut ujar general manager refinery unit ii m. dharmariza dalam keterangannya rabu 1092019.dharmariza mengatakan kurikulum sekolah cinta gambut diinisiasi pertamina sejak tahun 2017 dan telah diajarkan pada ribuan pelajar di kabupaten bengkalis. program ini bertujuan lahirnya sekolah berwawasan lingkungan adiwiyata dan juga melahirkan literatur tentang pengelolaan lahan gambut. googletag.cmd.pushfunction googletag.displaydivgptad15659500138980 baca juga 540 operator spbu di sumut dilatih tanggulangi kebakaranuntuk menyukseskan program ini lanjut dharmariza pertamina telah mengucurkan dana csr sebesar rp 625 juta yang disalurkan kepada 25 sekolah dengan menjangkau 3.750 siswa dan guru di kabupaten bengkalis jelasnya.dalam pelaksanaan kurikulum sekolah cinta gambut pertamina juga menggandeng kelompokkelompok binaan yang lain sebagai lokasi pembelajaran bagi siswa seperti arboretum gambut pertanian nanas terintegrasi hingga area konservasi mangrove.pertamina juga terus mendukung sekolah untuk memiliki green house sebagai materi pelajaran lingkungan serta mendorong sekolah untuk bekerjasama dengan kelompok binaan csr seperti pengelola arboretum gambut dan konservasi mangrove untuk dijadikan sebagai sarana pembelajaran siswa tuturnyamenurut dharmariza sejak digulirkan progam sekolah cinta gambut banyak sekolah yang mendapat apresiasi di bidang lingkungan. salah satunya sdn 03 bukit batu terpilih sebagai sekolah adiwiyata tingkat provinsi tahun 2018. baca juga pertamina pasok avtur 70 klhari di bijbtak hanya itu salah satu siswa sdn 03 bukit batu juga terpilih mewakili kabupaten bengkalis di malam penganugerahan proper kementerian lingkungan hidup dan kehutanan republik indonesia di jakarta pada tahun 2018.kini kurikulum sekolah cinta gambut sedang dipersiapkan untuk hadir dalam platform digital yaitu berbasis website sebagai elearning lingkungan pertama di indonesia. dharmariza berharap kurikulum sekolah cinta gambut yang saat ini telah dimanfaatkan di sekolahsekolah dasar di kabupaten bengkalis bisa semakin luas dampak pemanfaatannya di berbagai daerah yang rawan kebakaran lahan dan hutan seperti jambi dan beberapa daerah di kalimantan.bahkan menariknya ada salah satu siswa yang berhasil membuat motif batik bakau sungai pakning dan kini telah mendapatkan hak cipta tandasnya. prfega pertamina csr karhutla,non-clickbait,0,39
bandara smb ii palembang diselimuti kabut asap.,detik.com,detikNews,Berita,palembang kabut asap dari kebakaran hutan dan lahan karhutla turut berimbas pada kondisi penerbangan di sumatera selatan sumsel. bandara sultan mahmud badaruddin ii smb ii di palembang disebutkan terdampak kondisi tersebut.jarak pandang tertinggi yang tercatat di bandara smb ii palembang pada 22 september adalah 8 kilometer dan terendah pagi hari tanggal 23 september berkisar 300 sampai 1.000 meter ujar kasi observasi dan informasi stasiun meteorologi smb ii palembang bambang benny setiadji di bmkg stasiun smb ii palembang senin 2392019.dia turut menyebutkan bila kondisi itu terdampak pada lalu lintas penerbangan. keadaan cuaca asap berdampak 21 penerbangan yang mengalami delay imbuhnya. googletag.cmd.pushfunction googletag.displaydivgptad15659500138980 berkaitan dengan itu general manager gm pt angkasa pura ii bandara smb ii palembang fahroji mengaku masih mengumpulkan data terkait lalu lintas penerbangan yang terdampak kabut asap. informasi lebih detail disebut fahroji akan disampaikan.masih kami update data terus. sebentar lagi kita sampaikan ucap fahroji.kembali pada keterangan prakirawan bmkg di atas intensitas asap diperkirakan meningkat pada sore hingga pagi harinya antara pukul 16.00 wib sampai 07.00 wib. selain itu dia menyebutkan pada 23 hari ke depan ada potensi hujan yang bisa sedikit membantu memperbaiki kondisi itu.kabut asap sebabkan penerbangan ke natuna terganggugambasvideo 20detik rasdhn karhutla asap karhutla kabut asap bandara smb ii palembang,non-clickbait,0,39
dian sastrowardoyo sempat menyesal jadi artis peran.,fimela.com,Entertainment,-,sekarang ini telah mejelma sebagai seorang pemeran dengan kualitas akting mumpuni. namun siapa sangka ternyata dirinya pernah merasa menyesal dengan keputusannya terjun ke ranah entertainment khususnya akting.pernyataan ini diungkap sang artis kala dirinya menjadi bintang tamu dalam acara talkshow yang dibawakan oleh vincent dan desta. dalam acara tersebut dian sastrowardoyo mengaku merasa menyesal sekali.di tahun 2001 tuh mulai keluar aadc 1 yang kok booming banget. nah di tahun itu gue mikir ngapain gue masuk dunia ini kan gue nyari duit buat sekolah kan ya ujar dian sastrowardoyo barubaru ini.sekolahnya enggak dapet yang ada gue malah keribetan. jadi merasa nyesel banget kenapa nyusahin diri gue sendiri gitu duitnya enggak seberapa repotnya lanjut pemeran cinta dalam acara tersebut.namun seiring berjalannya waktu dian sastrowardoyo semakin menepis penyesalannya. apalagi ketika dirinya bisa memberikan pelajaran atau pengaruh kepada orang lain dengan karyakarya yang melibatkan dirinya.makin ke sini makin kehilangan alasan itu makin ke sini makin enjoy gue jadi merasa sebencibencinya lo sama kerjaan lo akan nemuin meaning in life pada saat kerjaan lo ada meaningnya buat orang lain papar .sebagai seorang publik figur tentunya dian sastrowardoyo begitu dikenal oleh orang banyak. dan sudah menjadi kebiasaan jika masyarakat bertemu dengan seorang artis maka akan terjadi sesi foto.ada memang terganggu gini masalahnya masyarakat itu suka merasa mereka itu selalu benar jadi kadang kalau misalnya minta foto. tapi gue menghormati gue suka minta maaf ya tapi saya sama keluarga saya saya sudah buat aturan kalau di mall sama keluarga fokus sama mereka katanya.meski melakukan penolakan karena berbenturan dengan prinsipnya dian sastrowardoyo tetap menolak dengan baik. tak hanya mengatakan maaf karena ketika itu dirinya tengah bersama keluarga namun ia juga senantiasa menyungging senyum.dan gue belajar mengatakan tidak dengan sopan gue selalu mengatakan tidak dengan senyum untuk menghormati mereka sambil bilang mohon maaf tapi saya harus mengatakan tidak maaf ya imbuh dian sastrowardoyo.,non-clickbait,0,9
resep chawan mushi 3 bahan.,fimela.com,Lifestyle,-,ingin membuat chawan mushi dari ayam yang lembut dengan tiga bahan kita bisa membuat chawan mushi polosan yang enak. berikut resep yang bisa dicoba.1. campur air kaldu dan kecap asin. aduk rata.2. kocok lepas telur dengan menggunakan sumpit. kocok perlahan saja tak perlu sampai berbusa atau bergelembung.3. campur air kaldu ke kocokan telur. aduk rata lalu saring.4. tuang ke chawanmushi bowl atau mangkuk tahan panas.5. kukus dengan api sedang selama sekitar 15 menit.6. hias dengan irisan daun seledri.chawan mushi ini bisa dikreasikan dengan aneka isian atau pugasan sesuai selera. selamat mencobagrowfearless with fimela,non-clickbait,0,20
alasan jk rowling donasikan uangnya lebih dari 19 juta dolar.,fimela.com,Entertainment,-,seorang penulis terkenal berkebangsaan inggris itu mendonasikan kekayaannya sebanyak 19 juta kepada para peneliti penyakit multiple sclerosis ms. hal ini dilakukannya sebagai bentuk penghormatan terhadap sang ibu yang meninggal dunia karena mengidap kondisi chronic neurological.melansir dari fox news 1492019 donasi dari sang penulis buku harry potter yang berumur 54 tahun ini diumumkan oleh university of edinburg di skotlandia. j.k menyumbangkan uangnya sebanyak 153 juta poundsterling atau sekitar 191 juta dolar.uang yang sebelumnya didonasikan oleh j.k kepada kampus tersebut di tahun 2010 itu telah membiayai berdirinya anne rowling regenerative neurology clinic yang dinamakan sebagai bentuk kenangan untuk ibunya yang meninggal di usia 45 tahun.berdasarkan university of edinburg klinik tersebut telah berdiri dengan sendirinya sebagai fasilitas perawatan dan penelitian yang terintergrasi yang memfokuskan kepada penyakit ms dan neurological conditions dengan tujuan untuk membawakan ilmu klinis dan percobaan kepada para pasien.ini merupakan persoalan dari kebanggaan diri yang istimewa untukku bahwa klinik tersebut telah menggabungkan ambisi yang mulia dengan sebuah praktis yang mana mempedulikan dan mendukung orangorang yang terkena penyakit ms tanpa memperhatikan tahap dan jenis nya ucap j. k rowling.dilansir dari forbes beberapa waktu lalu merupakan penulis dengan bayaran terbesar di tahun 2019. namanya sempat tersingkirkan dari daftar milyarder forbes di tahun 2012 setelah ia mendonasikan uangnya sebanyak 160 juta untuk sebuah amal dan karena anggaran pajak di inggris naik.,non-clickbait,0,9
via vallen senang dangdut rajai musik indonesia.,kapanlagi.com,Celebrity,-,di era makin populernya dangdut via vallen beruntung bisa turut merasakannya. ia yang merintis karirnya dari nol kini telah kini menjadi terkenal. suaranya yang khas terus dinanti vyanisti di manapun berada.dengan kepopulerannya itu via vallen dipercaya untuk menjadi pengisi acara ulang tahun hut antv ke26. dalam penampilannya ini ia akan berkolaborasi dengan pedangdut papan atas. via merasa bahwa hal ini adalah kesempatan yang sangat keren. kapanlagi ia bisa berkolaborasi dengan pedangdut seperti dewi perssik zaskia gotik ayu ting ting dan siti badriah.baru pertama kali ini sebelumnya belum pernah. pernah sih kayaknya cuma mungkin orangorangnya aja ada tambahan kata via vallen saat ditemui dalam perayaan ulang tahun antv ke 26 indonesia keren 4 di ecovention hall ecopark anclo jakarta utara jumat 293.tidak hanya itu via juga menganggapi popularitas dangdut di indonesia yang makin diminati pendengar. ia bahkan menyebut bahwa dangdut merajai musik di indonesia.ya alhamdulillah. seneng banget karena emang akhirakhir ini dangdut merajai musik di indonesia dan benerbener di apresiasikan setinggitingginya. padahal sebelumsebelumnya kita tau lah kayak ada eventevent besar kayak di ulang tahun telivisi atau eventevent apapun itu selalu bukan ngebandingin ya yang utama pasti bukan dangdut ujar via.dangdut hanya pelengkap lah kayak gitu tapi kalo sekarang benerbener ditreattment kayak benerbener yang utama. seneng lah saya sebagi penyanyi ngerasa apa yah ngerasa bangga ngerasa dihargain gitu imbuhnya.,non-clickbait,0,7
klasemen lengkap liga champions.,sindonews.com,Sports,bola,matchday pertama babak penyisihan grup liga champions 20192020 telah rampung. sejumlah kejutan lahir di antaranya kekalahan real madrid dan liverpool atas lawan masingmasing. kekalahan dua tim itu paling mendapat sorotan di matchday pertama babak penyisihan grup yang berlangsung rabu 189 hingga kamis 199 waktu indonesia. sebab real madrid merupakan tim tersukses dalam sejarah liga champions sedangkan liverpool menyandang status juara bertahan. real madrid dibantai 03 ketika menjamu paris saint germain. sedangkan liverpool takluk 02 ketika melawat ke markas napoli. berikut hasil lengkap dan klasemen matcday pertamaclub brugge vs galatasaray 00paris saint germain vs real madrid 30olympiacos vs tottenham hotspur 22bayern muenchen vs crvena zvezda 30 dinamo zagreb vs atalanta 40 shakhtar donetsk vs manchester 03 atletico madrid vs juventus 22 bayern muenchen vs lokomotiv moscow 12napoli vs liverpool 20 salzburg vs genk 62 inter milan vs slavia prague 11borussia dortmund vs barcelona 00olympique lyon vs zenit st petersburg 11 benfica vs rb leipzig 12 ajax vs lille 30 chelsea vs valencia 01,non-clickbait,0,33
pedagang tanah abang keluhkan masih maraknya pungli dari preman.,sindonews.com,Metro,peristiwa,pedagang di kolong pasar blok g tanah abang jakarta pusat mengeluhkan masih maraknya aksi pungutan liar pungli dari para preman. tak tanggungtanggung dalam sehari ada sekitar tujuh hingga delapan orang yang datang ke untuk meminta jatah.banyak preman mas di sini mah. dimintain kutipan ujar salah seorang pedagang muklis ketika berbincang dengan sabtu 26102019.kutipan yang diminta nominalnya bervariasi. mulai dari rp2.000 hingga rp5.000 setiap kali preman tersebut datang. dimintain rp2.000 sampai rp5.000. banyak kan bukan satu dua orang saja keluhnya.saat ditanyakan apakah preman tersebut berasal dari oknum organisasi masyarakat ia kurang tahu. kalau itu saya kurang tahu ya dari ormas atau bukan. pokoknya sehari itu bisa keluar duit buat kutipan rp20.000rp25.000. orangnya yang dateng ke toko bisa tujuh sampai delapan orang tukasnya.ia berharap ada perhatian dari aparat kepolisian maupun pemkot jakarta pusat mengenai masih maraknya pungutan liar dari para preman di tanah abang. apalagi di saat hasil penjualan barang dagangan tak seberapa. sekarang gini kita ngumpulin duitnya dikit demi sedikit. lha mereka tinggal minta doang. kalau toko sepi haduh sudah paling apes banget dah. harapan saya ya bebas dari premanlah di sini tutupnya.,non-clickbait,0,21
fadel mohammad dorong bupati gorontalo terus bekerja.,sindonews.com,Regional,nusantara,wakil ketua mpr ri fadel mohammad mendorong dan berkeinginan bupati gorontalo prof. nelson pomalingo untuk terus bekerja mengabdi bagi rakyat kabupaten gorontalo. saya sebagai teman beliau berharap pak nelson untuk berkesimambungan memimpin daerah ini dan mencalonkan krmbali pemilihan bupati kabupaten gorontalo 2020. melihat perkembangan yang ada pak nelson diharapkan banyak orang untuk terus bekerja ucap fadel.dicecer terkait kapasitas nelson menjadi gubernur gorontalo fadel muhammad menilai nelson memiliki kemampuan. mengingat nelson bukanlah orang biasa. kalau boleh bupati dua periode sambil melihat perkembangan barulah menjadi gubernur gorontalo insya allah tukas fadel lagi.fadel juga menyampaikan bahwa dirinya memiliki keinginan untuk mendapatkan calon gubernur gorontalo yang berkualitas. ia katakan secara umum di jakarta bahwa dirinya tidak mau kalah dengan sulawesi selatan dimana memiliki gubernurnya seorang profesor dan menjadi bupati bantaing 2 periode. saya juga punya keinginan suatu waktu insya allah kita bisa dorong pak nelson untuk menjadi gubernur. maka harapan saya pak nelson terus bekerja keras menunjukan prestasi tutup fadel.,non-clickbait,0,30
vanuatu dan solomon angkat rusuh papua di dewan ham pbb.,sindonews.com,International,eropa,vanuatu dan kepulauan solomon mengangkat masalah pelanggaran hak asasi manusia ham terhadap warga papua barat di dewan ham pbb. keduanya membuat pernyataan yang juga mencatat bahwa indonesia belum memberikan akses ke papua untuk komisaris ham pbb.pernyataan itu disampaikan pada sesi terbaru dewan ham pbb oleh sumbue antas dari misi permanen vanuatu ke pbb.tuntutan ini mengikuti aksi protes dan kerusuhan di papua yang menewaskan sedikitnya sepuluh orang dan puluhan lainnya di tangkap.negaranegara melanesia itu mengatakan kepada dewan ham pbb tentang keprihatinan mendalam mereka tentang pelanggaran ham. pelanggaran ham yang dimaksud adalah kebebasan berekspresi dan berkumpul serta diskriminasi rasial terhadap orang papua di provinsi papua dan papua barat.mereka menggemakan seruan pekan lalu dari ketua hak asasi manusia pbb michelle bachelet agar indonesia melindungi hak asasi manusia papua.terkait dengan agenda ini kami prihatin dengan keterlambatan pemerintah indonesia dalam mengkonfirmasikan waktu dan tanggal bagi komisaris hak asasi manusia untuk melakukan kunjungannya ke papua barat kata antas seperti dikutip dari radio new zealand rabu 1892019.selama bertahuntahun kantor komisioner hak asasi manusia pbb telah berusaha untuk mendapatkan izin dari jakarta untuk mengunjungi wilayah papua.kami meminta komisaris tinggi dan pemerintah indonesia untuk mempercepat pengaturan ini sehingga penilaian terhadap situasi saat ini dibuat dan sebuah laporan dapat disampaikan kepada dewan hak asasi manusia untuk dipertimbangkan ujar antas.pemerintah indonesia telah mengindikasikan bahwa untuk saat ini akses ke papua akan tetap dibatasi karena situasi keamanan yang diciptakan oleh kerusuhan barubaru ini. peristiwa ini dipicu oleh pelecehan rasis terhadap mahasiswa papua di surabaya dan malang bulan lalu.enam ribu personel militer dan polisi indonesia dikerahkan ke papua untuk menanggapi aksi protes yang meluas. pemerintah juga menerapkan pembatasan pada jaringan internet di papua meskipun ini secara bertahap mulai berkurang pada minggu lalu.namun bahkan sebelum gelombang kerusuhan yang terjadi saat ini negaranegara kepulauan pasifik telah menyuarakan rasa frustasi bahwa jakarta tidak menanggapi secara memadai atas permintaan berulangulang oleh komisaris pbb untuk akses ke papua.pada ktt pimpinan forum kepulauan pasifik 2019 barubaru ini di tuvalu negaranegara kawasan meminta indonesia dan komisaris pbb untuk menyelesaikan waktu kunjungan ke papua barat dan untuk menyerahkan laporan berbasis bukti tentang situasi sebelum pertemuan puncak berikutnya pada 2020.,non-clickbait,0,13
laode ungkap banyak karyawan kpk menangis pasca revisi uu disahkan.,sindonews.com,News,hukum,wakil ketua komisi pemberantasan korupsi kpk laode m syarif mengungkapkan para pegawai kpk sempat bersedih usai pengesahan revisi undangundang nomor 30 tahun 2002 tentang kpk oleh dpr dalam rapat paripurna.awal mula laode menceritakan bahwa kpk dicontohkannya sebagai rumah yang dititipkan kepada seluruh pegawai termasuk komisioner kpk. namun dpr bersama pemerintah berusaha merenovasi rumah bahkan mengganti rumah itu tanpa sepengetahuan kpk.tibatiba orang di luar dpr dan pemerintah itu oke ya rumah kamu saya renovasi terus kita tanya nanti renovasinya seperti apa mereka lalu bilang enggak ada masalah nanti kita bikin renovasi nanti tinggal di tempat yang baru ujar laode di gedung merah putih kpk jakarta kamis 1992019.dan pada akhirnya kata laode hampir seluruh pegawai kpk banyak yang menangis karena perubahan dan pengesahan revisi uu kpk terkesan diburuburu dan ditutuptutupi. bahkan kpk merasa tidak diajak dalam merevisi uu itu.pada saat yang sama karyawan kpk agak gloomy dan terus terang banyak yang menangis karena tibatiba rumahnya berubah secara fundamental tanpa menanyakan kepada kami yang di sini lanjut laode.namun laode menegaskan semua pegawai kpk dan komisioner tetap bekerja seperti biasa dalam memberantas korupsi di indonesia.kami ingin menjelaskan bahwa sampai hari ini kami tetap bekerja seperti biasa proses penyelidikan penyidikan penuntutan tetap berjalan mudahmudahan tidak ada kendala yang banyak tuturnya.,non-clickbait,0,25
polisi akan tilang motor masuk jalur cepat di jalan margonda.,sindonews.com,Metro,peristiwa,guna menekan angka kecelakaan di jalan raya polresta depok membuat kebijakan mengenai pemisahan jalur cepat dan jalur lambat di jalan margonda. untuk kendaraan roda empat bisa melaju di jalur cepat sedangkan roda dua dan kendaraan umum di jalur lambat. sosialisasi pun dilakukan dengan cara unik yaitu melibatkan manusia silver yang berdiri di jalanan. manusia silver itu berdiri dengan memegang triplek yang tertulis imbauan agar pengendara sepeda motor dan angkot wajib masuk jalur kiri. kami mengimbau kepada pengguna jalan di jalan margonda tertib berlalu lintas dengan menghadirkan sosok manusia silver sambil memegang papan spanduk sosialisasi di persimpangan ramanda menuju jalan margonda sambil memegang spanduk imbauan ungkap kapolresta depok akbp azis andriansyah kamis 1992019. menurut azis cara menempatkan manusia silver di jalan margonda diharapkan para pengendara roda dua dan angkutan umum bisa masuk ke jalur lambat. saat ini pihaknya masih melakukan uji coba selama satu minggu dan bila ada yang melanggar akan diberi imbauan saja. kita kerahkan anggota lantas untuk program ini sementara ini kita sosialisaskan selama satu minggu ujar. tujuan dari sosialisasi ini lanjut azis untuk memberitahukan kepada masyarakat kota depok bahwa di jalan margonda pelarangan pengendara motor masuk ke jalur cepat sudah diberlakukan. kasat lantas polresta depok kompol sutomo menambahkan berdasarkan hasil survei yang dilakukan satuan lalu lintas polresta depok jalan margonda rawan kecelakaan dengan korban lebih banyak kendaraan motor. penyebab rawan kecelakaan lalu lintas di jalan margonda karena kurang tertib kata sutomo. sutomo menambahkan tidak hanya menempatkan dua manusia silver sambil memegang spanduk sosialisasi kendaraan bermotor dan angkutan umum masuk ke jalur lambat. tapi juga ada 27 personel termasuk polwan ditempatkan di sembilan titik sepanjang jalan margonda arah jakarta. setelah ditetapkan menjadi kawasan tertib lalu lintas ktl di jalan margonda pemberlakukan jalur cepat dan lambat sudah diberlakukan jauh hari ucapnya.,non-clickbait,0,21
kewenangan sp3 kpk terkait batas waktu penanganan dipertanyakan.,sindonews.com,News,hukum,direktur lingkar madani indonesia lima ray rangkuti mengajak semua pihak merenungkan dan mencermati soal revisi undangundang uu nomor 30 tahun 2002 tentang komisi pemberantasan korupsi kpk khususnya pasal 40 ayat 1.dalam pasal itu menyebutkan kpk berwenang menghentikan penyidikan dan penuntutan sp3 sebuah kasus yang tidak dapat diselesaikan dalam satu tahun merujuk versi draf dpr atau dua tahun merujuk versi pemerintah.pertanyaannya apakah dikenal dalam hukum seseorang di sp3kan karena waktu penyidikan dan penuntutannya telah berlangsung dalam 1 atau 2 tahun berhenti karena waktu kata ray kepada senin 1692019.menurut ray jika sp3 karena batas waktu apakah penyidik bisa dikategorikan melanggar aturan. sedangkan dalam pasal lain dinyatakan penghentian perkara hanya dilaporkan ke dewan pengawas. tapi tidak dinyatakan bahwa laporan itu bisa dijadikan sebagai dasar melihat ada tidaknya pelanggaran etik penyidik ujarnya.selain itu kata ray bagaimana diantisipasinya akan banyak orang ditetapkan sebagai tersangka lalu kasusnya diambangkan sampai batas waktu satu tahun atau dua tahun untuk kemudian sp3 dengan sendirinya. padahal hakikatnya memang tidak ada pelanggaran seperti yang disangkakan. kata ray hal ini dilakukan semata untuk misalnya negosiasi dengan si korban. atau ada kasus karena ada deal antara penyidik dan si tersangka maka kasus diambangkan hingga sp3 karena waktu tersebut.nah tinggal ditambah deretan pertanyaan lainnya. mungkin juga jawabannya ujar mantan aktivis 98 asal uin jakarta ini.ditambahkan ray khusus poin pertanyaan pertama apakah sifat ini kiranya dapat dipakai untuk kejahatan lain di luar pidana korupsi. misalnya pengamen pedagang kaki lima nenek yang dituduh mencuri biji kakao lalu kasusnya berlarutlarut sampai dua tahun. apakah mereka bisa bebas karena sp3 waktu tanya ray menandaskan.,non-clickbait,0,25
pembongkaran pembakaran arang di cilincing diprotes pemilik.,tempo.co,metro,-,pembongkaran bangunan yang dijadikan di rw 09 cilincing jakarta utara diwarnai protes pemilik. mereka memprotes petugas yang dianggap membongkar bangunan itu secara serampangan.berdasarkan pantauan tempo pembongkaran itu awalnya dilakukan oleh dua pekerja di tempat tersebut. mereka awalnya membongkar cerobong asap yang berada di atas bangunan.melihat proses pembongkaran berjalan lambat camat cilindingh muhammad alwi meminta petugas pekerja penanganan sarana dan prasarana umum ppsu membantu. delapan petugas ini lantas mulai mencopot terpal dinding bangunan tersebut.pemilik bangunan yang juga pemilik usaha pembakaran arang itu sofi memprotes hal itu. pasalnya terpal yang dia miliki mengalami sobek akibat dibongkar paksa.kok dikoyakin jangan dikoyakin begitu. jangan disobekin kata seorang pemilik usaha pembakaran arang sofi di lokasi jalan cakung drainase cilincing jakarta utara kamis 19 september 2019.beruntung protes tersebut tak berujung pada kericuhan. kepala satuan polisi pamong praja satpol pp yusuf madjid mengatakan pihaknya tak akan mengambil alatalat produksi arang.area rumah industri itu menurut yusuf merupakan jalan inspeksi sehingga tak boleh ada bangunan yang berdiri. pembongkaran akan dikoordinasikan oleh salah satu pemilik rumah industri bahar.yusuf pun menyatakan bahwa pemerintah kota jakarta utara akan memberikan bantuan kepada para pembuat arang itu untuk memulai usaha baru atau pun memindahkan usahanya ke tempat lain.nanti kita rumuskan solusinya samasama. sementara aktivitas bakar arang kami tutup dulu ucap yusuf kepada bahar.hingga pukul 12.12 wib belum seluruhnya rumah industri pembakaran arang yang dibongkar. petugas baru melepas terpal di satu lokasi.suku dinas lingkungan hidup jakarta utara sebelumnya mencatat terdapat dua rumah industri peleburan aluminium dan 23 rumah industri pembakaran arang beroperasi di kawasan rw 09 cilincing. asap pembakaran menyebar hingga ke sd negeri cilincing 07 pagi jakarta utara.isu ini mulai mencuat lantaran seorang guru sdn cilincing 07 pagi menderita pneumonia akut diduga karena menghirup asap tersebut. beberapa guru juga merasa terganggu dengan adanya asap yang memasuki areal sekolah setiap pagi.kepolisian resor jakarta utara telah menyegel dua rumah industri peleburan aluminium. polisi menduga aktivitas rumah industri tersebut menyebabkan di wilayah sekitarnya. polisi juga mengincar 23 rumah industri pembakaran arang.,non-clickbait,0,41
hasil liga champions skor lengkap laga kamis dinihari.,tempo.co,bola,-,kejutan terjadi dalam rangkaian pertandingan s pekan pertama kamis dinihari wib 19 september 2019. real madrid dihantam psg 03 tottenham ditahan olympiakos 22 juventus ditahan atletico madrid 22. sedangkan manchester city dan bayern munchen samasama meraih kemenangan.dalam laga grup a paris saintgermain psg sukses mengalahkan real madrid dengan skor 30 di parc des princes paris prancis kamis dinihari wib 19 september 2019.angel di maria jadi arsitek utama keberhasilan psg mengalahkan mantan timnya sendiri. ia mencetak dua gol dan mengkreasi gol pemungkas yang dicetak thomas meunier demikian catatan laman resmi uefa.kemenangan ini jadi kejutan karena psg dianggap dalam kondisi pincang dengan absennya trio neymar kylian mbappe dan edinson cavani.psg kini memuncaki klasemen karena dalam laga di grup ini club brugge dan galatasaray bermain 00.dari grup b olympiakos mampu menahan tottenham hotspur 22. klub yunani itu membalas lewat gol daniel podence 44 dan penalti mathieu valbuena 54 setelah kebobolan oleh gol penalti harry kane 26 dan gol lucas moura 30.puncak klasemen grup b ini ditempati bayern muenchenyang menang 30 saat menjamu red star belgrade. gol di laga itu dicetak kingsley coman 34 robert lewandowski 80 dan thomas mller 901.dari grup c manchester city menang 30 saat berlaga di kandang shakhtar donetsk. gol tim inggris itu dicetak riyad mahrez 24 ilkay gndogan 38 dan gabriel jesus 76.namun dengan kemenangan itu city gagal merebutpuncak klasemen. posisi itu ditempati dinamo zagreb yang menang 40 saat menjamu atalanta.dari grup d atletico madrid bermain imbang 22 saat menjamu juventus. gol atletico dicetak stefan savic 70 dan hctor herrera 90. sedangkan gol juventus diceploskan juan cuadrado 48 dan blaise matuidi 65.dalam klasemen kedua tim itu berada di bawah lokomotiv moscow yang mampu menang 21 atas bayer leverkusen.hasil pertandingan fase grup kamis dini hari wibbayer leverkusen 1 lokomotiv moscow 2gol leverkusen benedikt howedes 25 bunuh dirigol lokomotiv grzegorz krychowiak 16 dimitriy barinov 37bayern muenchen 3 red star belgrade 0gol bayern kingsley coman 34 robert lewandowski 80 thomas mller 901dinamo zagreb 4 atalanta 0gol zagreb marin leovac 10 mislav orsic 31 42 68paris saintgermain 3 real madrid 0gol psg angel di maria 14 33 thomas meunier 901shakhtar donetsk 0 manchester city 3gol city riyad mahrez 24 ilkay gndogan 38 gabriel jesus 76atletico madrid 2 juventus 2gol atletico stefan savic 70 hctor herrera 90gol juventus juan cuadrado 48 blaise matuidi 65olympiakos 2 tottenham hotspur 2gol olympiakos daniel podence 44 mathieu valbuena 54 pengol spurs harry kane 26 pen lucas moura 30club brugge 0 galatasaray 0.,non-clickbait,0,38
hari ini kris hatta diserahkan ke kejaksaan tinggi dki jakarta.,tempo.co,metro,-,polda metro jaya merencanakan pelimpahan berkas tahap kedua kasus penganiayaan dengan tersangka artis ke kejaksaan tinggi dki jakarta pada kamis 19 september 2019. berkas tahap pertama kasus ini telah dinyatakan lengkap.kepala bidang humas polda metro jaya komisaris besar argo yuwono menyatakan bahwa pelimpahan tersangka dan alat bukti dijadwalkan hari ini setelah rabu kemarin kejati dki jakarta menyatakan berkas tahap pertama lengkap.p21 tanggal 18 september 2019 ujarnya.polisi kata argo telah memeriksa lima saksi dalam kasus ini mulai dari korban orangorang yang berada di lokasi kejadian hingga petugas keamanan. selain itu polisi juga mengantongi alat bukti berupa rekaman kamera keamanan cctv.kris hatta terjerat kasus penganiayaan terhadap seorang lelaki bernama antony hilenaar di klub malam dragonfly di kawasan setia budi pada 6 april 2019. awalnya kris disebut terlibat cekcok dengan rekan antony.bermaksud melerai perselisihan di antara keduanya antony justru terkena bogem mentah dari kris hatta. alhasil hidung anthony berdarah dan patah.korban langsung membuat laporan ke polisi atas insiden tersebut yang tertuang dalam laporan polisi nomor lp2109iv2019pmjdit.reskrimum tertanggal 6 april 2019. kris hatta pun terancam terjerat pasal 351 kitab undangundang hukum pidana soal .,non-clickbait,0,41
kata ap ii soal nama traveloka di terminal bandara soekarnohatta.,tempo.co,bisnis,-,executive general manager bandara internasional soekarnohatta agus haryadi mengatakan adanya nama traveloka dan pegipegi di terminal 1 dan 2 hanya kerja sama cobranding. kerja sama cobranding dengan pegipegi dilakukan di terminal 1 dan traveloka di terminal 2 ujarnya senin 16 september 2019. bandara soekarnohatta dikelola pt angkasa pura ii persero. menurut agus kerja sama cobranding yang merupakan pertama kali dilakukan oleh bandara di bawah pengelolaan angkasa pura ii itu berlaku untuk periode tertentu serta hanya terkait aspek komersial. bukan operasional. ini artinya seluruh kegiatan operasional bandara dan kewenangannya tetap melekat di angkasa pura ii.menurut dia kerja sama cobranding ini dapat semakin memperkuat brand equity dari masingmasing pihak. kerja sama ini hanya pada aspek komersial di terminal sementara keseluruhan operasional terminal sepenuhnya masih di bawah angkasa pura ii kata agus. masingmasing pihak kata agus yakni soekarnohatta pegipegi dan traveloka memiliki nama besar. dia meyakini kerja sama ini akan saling menguntungkan bagi seluruh pihak termasuk para penumpang pesawat. melalui kerja sama ini agus mengatakan pegipegi dan traveloka dapat memanfaatkan ruang komersial di terminal untuk memperkenalkan produknya dengan tentu saja terlebih dahulu mendapat persetujuan dari angkasa pura ii. pegipegi dan traveloka dapat memanfaatkan 80 persen dari ruang komersial yang ada di terminal. kerja sama ini juga tidak berdampak pada berubahnya nama terminal hanya saja pegipegi dan traveloka memiliki hak penamaan di belakang nama terminal untuk dicantumkan misalnya di signage ujar agu . agus haryadi mengatakan model kerja sama cobranding seperti ini sudah lazim diterapkan di sektor pelayanan publik terutama di luar negeri. di dalam negeri pun sudah ada kerja sama serupa. ya memang kalau di indonesia belum banyak dan ini masih tergolong baru tapi setidaknya sudah ada beberapa tempat di jakarta kata dia. strategi cobranding ini merupakan salah satu upaya kami dalam memanfaatkan aset secara maksimal untuk meningkatkan brand equity dan turut berkontribusi dalam peningkatan pendapatan kata agus. merupakan bandara tersibuk dan terbesar di indonesia. jumlah terminal penumpang pesawat di bandara ini mencapai 3 terminal dengan pergerakan penumpang 6070 juta orang setiap tahunnya.,non-clickbait,0,37
jamal khashoggi sempat memohon tidak disumpal karena asma.,tempo.co,International,-,laporan tim pbb mengungkap katakata terakhir yang memohon pembunuh agar tidak menutup mulutnya karena dia menderita asma.laporan ini adalah temuan pbb yang menyelidiki pembunuhan jamal khashoggi 2 oktober 2018 di mana dia dimutilasi di konsulat saudi di turki. hingga kini jenazah khashoggi belum ditemukan.jamal khashoggi seorang eksil saudi yang menjadi warga as telah mengunjungi konsulat untuk mendapatkan dokumen yang dia butuhkan untuk menikah. dia terbunuh segera setelah memasuki gedung.dikutip dari sky news 12 september 2019 rekaman audio yang dibuat sebelum dan selama pembunuhan diperoleh oleh otoritas intelijen turki dan diterbitkan pada hari senin oleh surat kabar daily sabah.jangan tutup mulut. aku menderita asma jangan lakukan itu. kau akan mencekikku mohon khashoggi kepada regu pembunuh.transkrip rekaman juga berisi percakapan mengerikan tentang bagaimana khashoggi akan dibunuh dan tubuhnya digergaji.beberapa menit sebelum khashoggi tiba di konsulat dr salah muhammed altubaigy kepala forensik di departemen keamanan umum saudi mengatakan sebenarnya saya selalu bekerja dengan mayat. saya tahu cara memotong dengan sangat baik dan saya belum pernah melakukannya pada tubuh yang hangat tetapi saya juga akan mengaturnya dengan mudah.saya biasanya memakai earphone dan mendengarkan musik ketika saya memotong mayat. sembari saya meminum kopi dan merokok.setelah saya memotongmotongnya kalian akan membungkus bagianbagian itu ke dalam kantong plastik memasukkannya ke dalam koper dan membawanya keluar.ketika khashoggi tiba di konsulat dia diundang dengan sopan ke sebuah kantor di lantai dua tetapi dia menjadi curiga dan ditarik lengannya ketika dia berkata biarkan saya pergi apa yang sedang kau lakukanketika khashoggi berada di ruangan itu bersama para pembunuhnya maher mutreb seorang perwira senior intelijen saudi dan pengawal putra mahkota mohammed bin salman mengatakan kepadanya bahwa dia harus kembali ke riyadh.silakan duduk. kami harus membawa anda kembali ke riyadh. ada perintah dari interpol. interpol meminta anda dikembalikan. kami di sini untuk membawa anda kata mutreb.tidak ada tuntutan hukum terhadap saya. tunangan saya menunggu di luar untuk saya balas khashoggi.mutreb kemudian terdengar berkata bantu kami sehingga kami dapat membantu anda. karena pada akhirnya kami akan membawa anda ke arab saudi dan jika anda tidak membantu kami anda tahu apa yang akan terjadi pada akhirnya.ada handuk di sini. apakah anda mau membius saya tanya khashoggi.kami akan membuat anda tidur balas mutrebsetelah diberi obat bius dan mati lemas tubuhnya dimutilasi proses yang berlangsung sekitar 30 menit menurut transkrip rekaman.,non-clickbait,0,13
ridwan kamil janji beri diskon pajak investor jepang.,tempo.co,bisnis,-,gubernur jawa barat mengatakan pemerintah jawa barat terus berupaya menciptakan kenyamanan dan kemudahan investasi di wilayahnya. salah satunya dengan memberi diskon alias memangkas besaran pajak bagi perusahaan yang berinvestasi di wilayah jawa barat.syaratnya menurut ridwan kamil perusahaan tersebut dianjurkan memiliki sarana pengembangan sumber daya manusia sdm di jawa barat. misalnya membangun sarana pendidikan umum tk sd smp smak tempat ibadah sarana kesehatan tempat tinggal untuk pegawai atau sarana pelatihan kerja untuk warga setempat.maka barang siapa perusahaan yang menyediakan sarana pendidikan pelatihan kerja hingga sarana kesehatan akan mendapat keringanan pajak kata ridwan kamil saat menghadiri west java outlook seminar bersama para investor jepang di menara astra jakarta pusat rabu 18919 malam lewat rilis humas jawa barat.ridwan kamil menambahkan potongan pajak akan semakin besar bagi perusahaan yang menyediakan layanan research and development rd atau penelitian dan pengembangan yang memberikan sumbangsih bagi kesejahteraan masyarakat dan kemajuan bangsa.kenapa penting untuk menekan angka pengangguran. sebab setelah dibedah banyak yang bekerja di perusahaan yang beroperasi di jawa barat ternyata bukan orang jawa barat kata ridwan kamil.maka saya minta perusahaan mempekerjakan dulu warga sekitar. kalau skill warga belum mumpuni sediakan pendidikan dan pelatihan. sebagai gantinya kami beri potongan pajak ujarnya.soal peluang investasi di jabar emil menjamin pihaknya akan membuka pintu selebarlebarnya terutama untuk industri manufaktur dan industri yang berkaitan dengan teknologi 4.0. selain itu pemerintah jawa barat terus berupaya mendorong laju ekonomi inklusif. pola ekonomi kerakyatan tersebut diupayakan sesuai visi jabar juara lahir dan batin lewat sejumlah program di antaranya one village one company ovoc dan one pesantren one product opop.ridwan kamil mengatakan perusahaan pun bisa turut berpartisipasi pada programprogram pemdaprov jabar. misalnya melalui ovoc perusahaan bisa memesan suatu produk yang akan dikerjakan oleh satu desa di jabar.selain memberdayakan masyarakat ridwan kamil berujar bahwa partisipasi tersebut bisa mengurangi kesenjangan ekonomi antara masyarakat perkotaan dan perdesaan di jabar sehingga menekan perpindahan warga desa ke kota.misalnya pabrik mobil membutuhkan lap mobil. nanti kita gerakan sebuah desa di jabar untuk memproduksi lap mobil jadi perusahaan untung rakyat pun turut diberdayakan tutur ridwan kamil.ketimpangan desakota kita siasati dengan strategi ekonomi. sebab kalau rakyat susah ia akan mudah marah. kalau marah ia akan benci kalau sudah ada kebencian itulah benihbenih radikalisme ujarnya.pada west java outlook seminar ini ridwan kamil menyoroti penggunaan dana corporate sosial responsibility csr. menurut dia selama ini csr tidak terkoordinasi dengan pemerintah daerah sehingga tidak terdistribusikan kepada masyarakat secara tepat.ridwan kamil berusaha merangkul perusahaan untuk menyamakan persepsi pembangunan melalui forum governor club termasuk bertujuan agar pimpinan perusahaan bisa menggulirkan csr kepada sasaran yang tepat.pemerintah daerah tahu apa yang dibutuhkan masyarakat apa yang harus digarap maka ayo perusahaan bergabung bersama kami agar csr tepat sasaran katanya.dengan bergabung di governor club ridwan kamil mengatakan bahwa perusahaan akan memiliki keuntungan berupa akses langsung kepada gubernur. hal itu akan memudahkan koordinasi dalam segala hal termasuk soal bisnis itu sendiri.syaratnya akses langsung bergabung bersama kami. karena kami tahu urgensi yang dibutuhkan masyarakat ini baik secara sosial ekonomi dan lain sebagainya ujar .,non-clickbait,0,37
bj habibie berkacakaca dengar lagu kamu dan kenangan.,tempo.co,Celebrity,-,kisah cinta dan ainunkerap diabadikan dalam sebuah lagu. termasuk di antaranya adalah lagu yang dinyanyikan oleh maudy ayunda.lagu yang liriknyaditulis oleh mellygoeslawini bisa dikatakan yang terakhir tentang kisah cinta bj habibie dan ainun. lagu tersebut merupakan original soundtrack untuk film yang rencananya dirilis pada 19 desember 2019.maudymenuturkan saat lirik lagu ini diperdengarkan di depan habibiemata bapak teknologi indonesia iniberkacakaca. ia tercenungmendengar lirik yang begitu menyayat hati ini.waktu pertama kali dengar lagunya tersentuh sekali. lirik di lagu ini seperti yang aku lihat di mata eyang habibie kesedihan dan kesendirian itu kata maudy dalam konferensi pers lagu rabu 3 juli 2019.lagu kamu dan kenangan merupakan salah satu soundtrack untuk film habibieainun 3 garapan hanung bramantyo. lagu yang begitu mendayudayu ini diciptakan dan diaransemen oleh pasangan anto hoed dan .dalam pembuatan lagu tersebut melly melibatkan seluruh perasaannya. bahkan ia sampai menjiwai kisah cinta habibie dan ainun. saya merasa kalau kehilangan orang yang kita sayangi itu sakit banget kata melly. merupakan lagu yang menceritakan tentang cinta sejati habibie dan ainun. dalam penggalan liriknya yang begitu dalam mewakili perasaan habibie yang begitu teriris atas kepergian ainun.produser md pictures manoj punjabi dalam konferensi pers peluncuran lagu mengatakan jika habibie begitu menyukai lagu itu. ia begitu berkacakaca tersentuh liriknya melly kata manoj.bacharuddin jusuf habibie meninggal dalam usia 83 tahun. pria kelahiran parepare sulawesi selatan pada 25 juni 1936 ini meninggalkan dua anak yakni ilham akbar habibie thareq kemal habibie. dalam beberapa hari terakhir bj habibie menjalani perawatan di rspad gatot subroto jakarta karena kondisi kesehatannya kian lemah.presiden ketiga ri bj wafat di rumah sakit pusat angkatan darat atau rspad gatot subroto jakarta pada rabu 11 september 2019 pukul 18.05 wib.,non-clickbait,0,7
tantangan perdana pelatih bhayangkara fc hadapi bali united.,tempo.co,bola,-,akan menjamu bali united di laga perdana putaran kedua liga 1 di stadion patriot candrabhaga kota bekasi jumat 13 september 2019. laga ini menjadi tantangan pertama pelatih baru the guardian paul munster.kami memiliki persiapan lebih dari dua pekan ini menjadi persiapan yang bagus dan positif kata paul munster dalam jumpa pers sebelum laga di stadion patriot pada kamis 12 september 2019.paul munster menjadi bagian bhayangkara fc sejak dua pekan ini. pelatih asal irlandia utara ini menggantikan angel alvredo vera yang dipecat manajemen. paul direkomendasikan oleh simon mcmenemy mantan pelatih bhayangkara fc sebelum menukangi timnas indonesia.saya sudah menganalisa permainan anakanak semua bagus sempat tc dan hasilnya positif saya ingin pertandingan besok anakanak tampil lebih percaya diri dan meraih hasil bagus ujar paul.paul mengatakan sempat melihat pertandingan terakhir bhayangkara fc melawan persebaya di laga terakhir putaran pertama. di laga itu jajang mulyana dan kawankawan menelan kekalahan 02.saya melihat apa yang kurang saya langsung minta untuk bertemu dengan pemain dan langsung memberikan program saya mengganti beberapa pemain dan itu berdampak cukup positif kata paul.dua pemain terbarunya adalah bruno matos dari persija jakarta menggantikan flavio back junior dan hedipo gonzalo dari kalteng putra menggantikan fergunzi. saya akan memasang pemain yang punya performa yang bagus baik lokal maupun asing ucap paul.paul mengaku tak gentar dengan bali united yang sekarang berada di puncak klasemen dengan pemain yang berkualitas.paul merasa yakin dengan kekuatannya sendiri karena memiliki banyak pemainpemain berkualitas di timnya. saya sudah menganalisa kekuatan bali saya percaya anakanak bisa tampil bagus besok ujar paul.pemain belakang bhayangkara fc jajang mulyana mengatakan koleganya di lapangan percaya diri bisa mendapatkan hasil maksimal di laga besok. karena memiliki persiapan secara mental dan taktik. yang penting kami mengurangi kesalahan insya allah besok kami dapat hasil maksimal ujar dia.menurut dia kedatangan paul memberikan perubahan yang drastis di tubuh bhayangkara fc. saya harus memperlihatkan kerja keras dan selalu disiplin dan mengurangi kesalahan satu sama lain. yang pertama taktik dan mengurangi kesalahan pemain ujar dia.,non-clickbait,0,38
lahan proyek kereta cepat jakartabandung kurang 1 persen.,tempo.co,metro,-,direktur utama pt kereta cepat indonesiacina kcic chandradwiputra mengatakan pembebasan lahan untuk sudah mencapai 99.sedikit lagi 1 persen sedikit di karawang bandung dan kecil lagi di bekasi kata chandrausai meneken nota kesepahaman di kantor pt mrt jakarta selasa 10 september 2019.chandra menunjuk satu persen yang dimaksud adalah lahan seluas enam hektare. pembebasannya ditargetkanselesai seluruhnya dalam 12 bulan ke depan.dalam pembebasan lahan chandramenerangkan pt kcic harus melewati beberapa tahapan. dalam proses tersebut jika pemilik lahan keberatan akan diserahkan ke pengadilan jika tidak cukup puas lagi akan diserahkan ke mahkamah agung ma.ratarata prosesnya sudah di ma semua. tapi sidang di ma juga masih butuh waktu. setelah dari ma nanti keputusan ke bpn lagi ada prosesnya lagi di pengadilan kata chandramenerangkan.untuk konstruksi chandra mengatakan sudah mencapai 328 persen. terdapat empat stasiun untuk kereta cepat itu nantinyayakni halim perdanakusuma karawang walini dan tegal luar.keempat stasiun disebutnya sudah mulai konstruksi semua.targetnya pertengahan 2021 kata chandra. akan terbentang sejauh 142 kilometer. diperkirakan kereta dapat melaju dengan kecepatan 350 kilometer per jam. dengan kereta itu waktu tempuh antara jakartabandung diperkirakan hanya 40 menit.,non-clickbait,0,41
nelayan norwegia temukan ikan bermata besar saat memancing.,tempo.co,International,-,seorang menemukan seekor spesies ikan aneh yang memiliki bentuk seperti ikan alien dengan mata bulat ekstra besar.nelayan ini menemukan ikan itu saat hendak memancing ikan halibut biru di sebuah pulau di norwegia.menurut laporan nelayan bernama oscar lundahl 19 tahun hampir melompat keluar dari perahunya ketika dia melihat spesies yang tampak aneh dengan mata bulat di ujung tali pancingnya.spesimen itu adalah seekor ratfish yang bernama latin chimeras monstrosa linnaeus. kisah ratfish ini berasal dari mitos monster yunani yang memiliki kepala singa dan ekor naga.meskipun ratfish tidak berbahaya bagi manusia dan memakan krustasea seperti kepiting dan siput laut penampilan aneh mereka cukup untuk membuat nelayan manapun merinding.mata besar mereka diyakini telah dikembangkan untuk membantu mereka melihat dalam kegelapan yang dalam.lundahl sedang memancing ikan halibut biru ketika dia secara tidak sengaja menangkap ikan ratfish itu di pulau andoya di norwegia utara.dia memiliki empat kail di barisnya dengan makarel sebagai umpan dan sedang memancing di perairan dengan kedalaman 800 meter pada saat itu.kami sedang mencari halibut biru yang merupakan spesies langka sekitar 8 kilometer dari pantai kata lundahl.saya memiliki empat kait pada satu baris dan merasakan sesuatu yang cukup besar di ujungnya. butuh waktu sekitar 30 menit untuk menariknya karena kedalamannya 800 meter. ada dua halibut di dua kait dan saya sangat senang kemudian saya melihat ada sesuatu yang lain. sangat menakjubkan. saya belum pernah melihat ini sebelumnya. ini hanya terlihat aneh seperti dinosaurus. saya tidak tahu apa itu tetapi rekan saya tahu tambahnya.lundahl mengklaim bahwa karena perubahan tekanan yang ekstrem ratfish tidak selamat dari pengalaman itu.tidak ingin menyianyiakannya lundahl mengatakan membawa pulang ikan itu dan menggorengnya. meskipun penampilannya jelek rasanya enak.ini agak seperti ikan kod tapi enak katanya.,non-clickbait,0,13
tanggapan yusuf mansur soal kritikan terhadap film the santri.,tempo.co,Celebrity,-,pendakwah berterimakasih atas masukan terhadap film yang dibintangi oleh anaknya wirda mansur. belakangan beredar kritik pedas terhadap film tersebut namun yusuf menanggapinya dengan kalem.begini ya setahu wirda dan saya judulnya kan friendship tidak dimaksudkan pacaranship cuma ambil anglenya dan dibikin trailernya begitu. inikan baru trailer filmnyabelum syutingnya baru oktober katanya. jangan lupa ini masih terlalu minor untuk menilai ujar dia saat dihubungi tempo selasa 17 september 2019.yusuf mansur mengatakan ia melihat permasalahan dengan kepala dingin dan tidak mengedepankan emosi apalagi berujar kasar dan mencaci maki di depan umum. perlakuan itu ia terapkan kepada keluarganya dan jemaat pengajiannya. ia menerima masukan soal trailer film namun bukan memvonis film tersebut apalagi jika dikatakan film sesat.proses pemubuatan film kata yusuf akan dilakukan bulan depan sehingga masih ada kesempatan untuk dilakukan perbaikan bila tidak sesuai. namanya film kalau ga disuka bisa dipotong adegan rasa percintaan bisa dipotong artinya ada proses screening akhir sebelum dibungkus saya kira teman nahdlatul ulama akan bijak kata dia.menurut yusuf ini merupakan kesempatan agar saling memberikan masukan dan pandangan untuk keberhasilan film . kontrol sosial itu baik kata dia tapi jangan berlebihan hingga membuat anak muda enggan untuk berkreasi.the santri merupakan film garapan livi dan menggandeng gus azmi veve zulfikar wirda mansur dan wakil gubernur jawa timur emil dardak. livi mengatakan film tersebut akan mulai syutingnya pada bulan ini dan akan tayang pada april 2020.sebelumnya pendakwah maaher atthuwailibi mengkritisi beberapa adegan dalam film tersebut yang menurutnya tidak mencerminkan kehidupan di pesantren. sebuah film mengandung adegan saling tatap lelaki dan perempuan bukan mahrom tulis dia. tersebut juga menautkan foto wirda mansur anak dari ustad yusuf masur yang juga berperan dalam film tersebut. unggahan tersebut juga kembali diunggah oleh yusuf mansur.,non-clickbait,0,7
ribetnya makeup angelina jolie di maleficent mistress of evil.,tempo.co,Beauty,-,menampilkan peri kegelapan menjadi sosok yang memukau di film disney yang akan tayang di bioskop mulai 18 oktober 2019. maleficent merupakan penjahat yang pertama kali muncul di film klasik pada 1959.sebulan menjelang tayang disney merilis tampilan di belakang layar perubahan aktris itu menjadi sosok penjahat dengan tulang pipi lancip dan rambut bercabang bak tanduk. video hitam putih dengan durasi 43 menit itu memperlihatkan aktris beranakenam itu duduk di kursi rias dikelilingi beberapa penata rambut dan makeup artist.proses mengubah angelina dimulai dengan membagi rambutnya menjadi dua kunciran tinggi lalu dikepang. setelah itu kepalanya dipasangi semacam penutup dengan dua lubang untuk rambutnya. sementara itu makeup artist memasang aplikasi wajah yang membuat tulang pipinya terlihat lancip.berikutnya adalah pemasangan tanduk yang disambungkan dengan penutup kepala. lalu mantan istri brad pitt itu memasang taring palsu di giginya sebelum tersenyum dengan bibir merah menyala.aktris 43 tahun itu mengulangi perannya setelah sukses besar film sebelumnya pada 2014. juga menyatukan kembali dia dengan putri aurora yang diperankan elle fanning.fanning 20 sebelumnya membagikan dua foto di belakang layar termasuk foto lucu angelina tanduk dan tanda perdamaian di jubah mandi.ini membuat ibumu bekerja di set maleficent2 tulis fanning di keterangan foto.disney mengumumkan sedang memproduksi maleficent 2 pada mei 2019. selain angelina joliedan ellefanning disney juga menggandeng michelle pfeiffer sebagai ratu ingrith dan harris dickinson akan berperan sebagai pangeran phillip.,non-clickbait,0,1
satgas antimafia bola pantengi kompetisi liga 2 dan liga 3.,tempo.co,Sports,-,jilid ii yang diaktifkan mulai 6 agustus 2019 kini bergerak mengawasi jalannya kompeisi sepak bola liga 2 dan liga 3 mulai pekan lalu.liga 2 dan liga 3 diamati karena yang rawan. apabila ditemukan pengaturan pertandingan maka subsatgas wilayah akan melakukan penindakan hukum ujar kepala biro penerangan masyarakat divisi humas polri brigjen pol dedi prasetyo di gedung mabes polri jakarta jumat.dalam pengawasan itu polres dan polda yang bergerak sejak satgas antimafia bola jilid ii memperluas jangkauan dengan membentuk subsatgas di 13 provinsi di indonesia.satgas daerah terdapat di jawa barat jawa timur jawa tengah metro jaya bali lampung papua sumatera barat sumatera selatan kalimantan tengah kalimantan timur kalimantan selatan dan diy.bersama komisi disiplin pssi satgas mengawasi perangkat pertandingan termasuk wasit serta pengawas klub sepak bola pelatih mau pun pemain untuk memastikan pelaksanaan liga 2 dan 3 bebas dari pengaturan pertandingan.ada pun hingga sebulan sejak dibentuk dedi prasetyo menuturkan satgas anti mafia bola jilid ii belum menemukan pengaturan pertandingan di liga 1 2 maupun yang sedang bergulir.sementara kasus mafia bola yang belum tuntas di antaranya kasus dengan tersangka mantan anggota exco pssi hidayat yang sebelumnya terkendala faktor kesehatan serta vigit waluyo yang berkasnya dikembalikan kepada polisi p19.,non-clickbait,0,33
pengamat kontrak politik capim kpk bentuk intimidasi.,republika.co.id,News,Nasional,republika.co.id jakarta tahap pemilihan calon pimpinan capim kpk telah memasuki babak uji kelayakan dan kepatutan atau di dpr ri. namun ada yang berbeda pada sebelumnya yakni para capim kpk diminta untuk meneken kontrak politik sebagai komitmen mereka.peneliti komunikasi politik universitas telkom dedi kurnia syah menilai adanya kontrak politik yang harus diteken para capim kpk adalah sebuah intimidasi. tentu saja merupakan intervensi bahkan lebih jauh sebagai intimidasi. dengan menyetujui kontrak artinya tiap capim akan menyetujui dengan dalih tidak ada pilihan lain sementara hal itu dilakukan dalam proses seleksi ujar dedi kurnia saat dihubungi melalui pesan singkat selasa 109.menurut direktur eksekutif indonesia political opinion ipo itu kontrak politik yang diminta dpr ri ke seluruh capim terpilih adalah cara paling kasar sejauh ini. kondisi ini jelas intimidasi bagi capim.seharusnya kata dia tidak terjadi kontrak politik itu andaipun diperlukan seharusnya muncul ketika pimpinan kpk terpilih sudah ditentukan. sehingga tidak membatasi idealisme capim saat dalam proses seleksi.kontrak ini semakin menguatkan anggapan publik jika dpr ri sedang mengantisipasi pimpinan kpk yang sejalan dengan kepentingan dpr ri bisa saja kontrak ini menjadi materi politik sandera. tentu sangat disayangkan tutur dedi kurnia. sebelumnya anggota komisi iii dpr ri arsul sani menyampaikan bahwa kontrak politik tersebut dimaksudkan untuk menjamin komitmen para capim agar sewaktuwaktu tidak berubah sikap saat mendapat tekanan publik. nantinya kontrak politik secara tertulis itu akan ditandatangani di atas materai. ia menuturkan surat pernyataan tersebut akan menjadi semacam kontrak politik antara capim dengan dpr ri jika nantinya terpilih.,non-clickbait,0,25
muhammadiyah presiden sebaiknya tak terbitkan surpres.,republika.co.id,News,Nasional,republika.co.id jakarta wakil ketua majelis hukum dan ham pp muhammadiyah manager nasution meminta presiden joko widodo jokowi untuk mengambil inisiatif mengakhiri polemik revisi undangundang komisi pemberantasan korupsi kpk. yaitu dengan tidak menerbitkan surat presiden surpres terkait revisi uu kpk.dengan demikian pembahasan revisi uu kpk terdebut tidak bisa dilakukan tanpa surpres. dalam pandangan sebagian besar masyarakat sipil antikorupsi revisi uu kpk saat ini belum prioritas dan bukan waktu yang tepat ujar direktur pusdikham pusat studi dan pendidikan ham uhamka kepada rabu 119.manager juga menilai revisi uu kpk membuat publik luas mengkritik keras langkah dewan perwakilan rakyat dpr ri. dalam pandangan mereka ada beberapa poin dalam draf revisi uu kpk inisiatif dpr itu tidak relevan dengan piagam antikorupsi perserikatan bangsabangsa pbb. bahkan dalam draf revisi uu kpk versi dpr itu ada beberapa poin yang dipandang melemahkan kpk.padahal dalam uu kpk lembaga antirasuah itu tidak boleh berada di bawah pengaruh kekuasaan mana pun. dengan demikian kpk itu dipastikan tetap independen tegas manager.lanjut manager saat ini ada baiknya dpr fokus merevisi undangundang nomor 7 tahun 2006 tentang pengesahan uncac. pasalnya masih banyak substansi dalam uu 7206 yang tidak sejalan dengan dengan piagam antikorupsi pbb uncac. setidaknya terdapat sejumlah poin pokok perubahan dalam revisi uu kpk versi dpr itu yang memantik prokontra di publik. bagi yang pro memandang di samping usia uu itu sudah cukup lama juga dikhawatirkan kpk menjadi lembaga tak terjamah karena tidak ada yang mengawasi. bagi mereka revisi adalah solusinya terang manager.menurut manager mereka yang kontra menilai bahwa revisi itu diduga memiliki agenda besar untuk mengebiri bahkan mengamputasi kpk. poinpoin pokok yang dinilai akan melemahkan bahkan mengamputasi kpk. diantaranya berkaitan dengan keberadaan dewan pengawas aturan penyadapan. kemudian mengenai kewenangan surat penghentian penyidikan perkara sp3 status pegawai kpk.juga kedudukan kpk sebagai penegak hukum cabang kekuasaan eksekutif posisi kpk selaku lembaga penegak hukum dari sistem peradilan pidana terpadu di indonesia kata manager.sejauh ini kata manager publik khususnya masyarakat sipil antikorupsi menitipkan kepercayaan kepada presiden. mereka masih berusaha keras menghadirkan keyakinan bahwa presiden akan tetap konsisten satu kata dan laku. sebab presiden menilai selama ini lembaga antirasuah sudah bekerja dengan baik. kpk telah bekerja sepenuh hati untuk melakukan pemberantasan korupsi tutup manager.presiden jokowi mengaku hingga kini masih mempelajari draf revisi uu kpk sebelum mengirimkan surat presiden surpres ke dpr. ia mengatakan baru menerima daftar inventaris masalah dim hari ini.jadi baru saya terima dimnya tadi. baru saya pelajari hari ini. pelajari dulu. secepatcepatnya. kita ini baru melihat dimnya dulu. nanti kalau surpres kita kirim besok saya sampaikan. nanti materimateri apa yang perlu direvisi jelas jokowi di jakarta international expo kemayoran rabu 119.lebih lanjut saat ditanya terkait poin revisi uu kpk yang menyebutkan kinerja kpk harus diawasi oleh dewan pengawas kpk jokowi enggan memberikan pernyataannya lebih lanjut. kendati demikian presiden menekankan agar poinpoin yang tercantum dalam ruu kpk tersebut tak membatasi dan mengganggu kinerja serta independensi kpk. saya ingin melihat dulu dim nya. jangan sampai ada pembatasanpembatasan yang tidak perlu. sehingga independensi kpk menjadi terganggu. intinya ke sana ujar jokowi.,non-clickbait,0,25
kamera tilang elektronik akan disebar di 81 titik jakarta.,republika.co.id,News,Nasional,republika.co.id jakarta dinas perhubungan dki jakarta akan menambah titiktitik kamera untuk penerapan tilang elektronik atau etle di 81 titik. penambahan titik untuk tilang elektronik tersebut untuk menambah perluasan pengawasan terutama pada penerapan kebijakan perluasan ganjil genap.untuk itu dinas perhubungan dki jakarta telah menganggarkan tambahan pengadaan sistem tilang elektronik tersebut di rancangan apbd 2020. anggaran tersebut akan dimasukkan ke dalam anggaran hibah untuk polri dalam rancangan apbd 2020 kata kepala dinas perhubungan dki jakarta syafrin liputo selasa 109.syafrin menyebut saat ini untuk titik kamera tilang elektronik baru ada di 12 titik dan kamera dipasang oleh polda metro jaya. syafrin menyebut pihaknya telah berkoordinasi dengan dirlantas polda metro jaya untuk kembali menghitung kebutuhan kamera etle di lapangan.ia mengungkapkan dishub dki akan mendorong untuk direalisasikan tambahannya namun dishub dki tetap akan menunggu usulan dirlantas agar usulan tambahan etle mampu diakomodasi di apbd 2020. nanti kami akan anggarkan untuk tambahan sekitar 81 titik katanya menambahkan.kebutuhan perluasan tilang elektronik tersebut menurut syafrin di antaranya untuk memaksimalkan penindakan hukum terutama di area ruasruas jalan yang telah diterapkan perluasan ganjil genap. sebab kata dia 81 titik yang akan ditambah ini termasuk ruas ganjil genap yang kemarin pada saat asian games 2018 belum termasuk tambahan 16 ruas jalan yang sekarang.selain menambahkan etle di jalur ganjil genap dishub dki jakarta juga akan menambahkan kamera etle di jalur bus transjakarta. dishub dki berharap dengan tilang elektronik di jalur transjakarta ini jalur transportasi publik steril dari kendaraan pribadi.sebelumnya pt transportasi jakarta dan direktorat lalu lintas polisi daerah metro jaya dirlantas jaya telah melakukan penandatanganan nota kesepahaman mou mengenai pemasangan etle electronic traffic law enforcement pada 12 koridor jalur transjakarta.direktur utama pt transportasi jakarta agung wicaksono mengatakan penggunaan etle sangat efektif dan dia ingin transjakarta turut membantu pemanfaatan etle tersebut untuk mengurangi kemacetan kelancaran dan ketertiban laju busway serta lalu lintas secara umum. etle mampu memberikan akurasi pencatatan dengan nyata sehingga bukti pelanggaran tidak dapat terelakkan lagi kata agung.agung menuturkan berdasarkan data evaluasi tahun 2016 bahwa telah terjadi penurunan tingkat sterilisasi jalur transjakarta yang sebelumnya 55 persen pada tahun 2018 terjadi penurunan tingkat sterilnya jadi 51 persen jelasnya.dengan penerapan etle ini pihaknya berharap dapat kembali seperti mandat awalnya yakni jalur khusus yang steril untuk keamanan dan kenyamanan warga dki menggunakan transportasi publik.saat ini 12 kamera tilang elektronik telah terpasang di 10 titik yakni1. jembatan penyeberangan orang jpo mrt bundaran senayan ratu plaza jakarta selatan berjenis kamera check point satu kamera2. jpo mrt polda semanggi hotel sultan jakarta pusat berjenis kamera check point satu3. jpo depan kementerian pariwisata jakarta pusat berjenis satu4. jpo mrt dekat kementerian pendayagunaan aparatur negara dan reformasi birokrasi jakarta selatan berjenis check point satu5. sudirman ke thamrin jakarta pusat berjenis dan satu6. thamrin ke sudirman jakarta pusat berjenis dan satu7. simpang bundaran patung kuda jakarta pusat berjenis kamera anpr dua8. simpang sarinah badan pengawas pemilu bawaslu jakarta pusat berjenis kamera anpr satu9. simpang sarinah starbuck jakarta pusat berjenis dan dua10. jpo plaza gajah mada jakarta pusat berjenis kamera dan anpr satu,non-clickbait,0,25
pertamina dukung pasokan avtur di bandara kertajati.,republika.co.id,Economy,Ekonomi,republika.co.idjakarta general manager pertamina marketing operation region iii tengku fernanda mengatakan pertamina dalam dua bulan terakhir intens menyuplai bahan bakar pesawat terbang avtur bagi sejumlah maskapai penerbangan di bandara internasional jawa barat bijb atau bandara kertajati. ini untuk mengimbangi tingginya kebutuhan avtur sejak peningkatan frekuensi penerbangan di bandara tersebut.sejak dipindahkannya penerbangan reguler dari bandara husein sastranegara bandung ke bandara kertajati terjadi peningkatan jadwal penerbangan hingga 70 persen. hal tersebut dia sampaikan berimbas pada pasokan avtur bagi penerbangan di kertajati di mana saat ini ratarata suplai hingga 70 kiloliter kl per hari.fernanda menyampaikan pertamina terus mendukung kebutuhan avtur di bijb dan telah menyiapkan fasilitas pendukung depot pengisian pesawat udara dppu untuk memenuhi kebutuhan maskapai.kami upayakan semaksimal mungkin di mana pasokan avtur dari terminal bbm balongan dibawa ke dppu menggunakan mobil tangki khusus avtur yakni bridger berkapasitas 24 kl ujar fernanda dalam keterangan tertulis yang diterima republika.co.id di jakarta selasa 109.selanjutnya kata fernanda avtur ditampung dalam empat unit tangki modular berkapasitas masingmasing 20 kl. kemudian avtur diisikan menggunakan mobil tangki khusus untuk mengisi ke pesawat atau disebut mobil tangki refueler.fernanda menyatakan jika dihitung secara volume suplai avtur ke bijb masih relatif kecil maksimal 70 kl per hari atau sekitar 14 persen dibandingkan total pasokan di bandara soekarno hatta.namun yang patut digarisbawahi seberapa pun kebutuhannya kami upayakan untuk dapat mendukung bijb agar dapat tumbuh dan terus berkembang sehingga menjadi bandara penyangga di jawa barat ucapnya.sejak dibuka sebagai bandara reguler saat ini bijb melayani sekitas 12 jadwal penerbangan per hari dengan berbagai kota tujuan di luar pulau jawa. adapun dua maskapai yang telah beroperasi rutin yakni lion air dan air asia.bandara kertajati akan menjadi salah satu bandara terbesar di indonesia. menyambut hal tersebut kami juga telah menyiapkan peningkatan layanan dan fasilitas dppu di mana salah satunya untuk mengantisipasi penerbangan untuk umrah yang akan dilakukan dalam waktu dekat kata fernanda menambahkan.,non-clickbait,0,8
susi siap bantu anggaran daerah untuk pengembangan perikanan.,republika.co.id,Economy,Ekonomi,republika.co.idjakarta menteri kelautan dan perikanan susi pudjiastuti menyatakan siap membantu daerah untuk mendapatkan tambahan anggaran demi mendorong sektor perikanan. susi menilai daerah yang menjadi sentra penghasil ikan nasional layak mendapatkan dukungan anggaran yang lebih dari pemerintah pusat.saya dukung daerah untuk mendapat tambahan anggaran dari kementerian keuangan. misalnya maluku yang sangat luas dan menyumbang banyak ikan kata susi rabu 119.ia menuturkan penambahan anggaran itu diperlukan terutama untuk penambahan infrastruktur penunjang. sebab diakui banyak daerah yang belum memiliki pelabuhan besar yang mumpuni. tak hanya maluku susi menilai daerah papua pulau natuna dan bitung merupakan daerah potensial.setiap daerah yang memberikan sumbangsih pendapatan tinggi dari sektor apapun harus dinaikkan anggarannya tuturnya menambahkan.melihat potensi beberapa daerah yang begitu besar pemerintah juga telah mengizinkan kapalkapal dari daerah lain untuk menangkap di zona penangkapan tertentu. namun untuk mengoptimalkan pencatatan pendapatan daerah pemerintah daerah diimbau untuk membuat peraturan daerah ihwal kewajiban melaporkan tangkapan di pelabuhan.susi mengatakan kkp sejak lama mendorong agar ikan yang ditangkap di wilayah tertentu dilelang di tempat pelelangan ikan tpi di pelabuhanpelabuhan tersebut. pelelangan ikan ini akan sangat membantu mendorong pertumbuhan ekonomi daerah dan juga menghidupkan ekspor langsung dari daerah.selama ini ekspor itu lucu. ikan dari morotai dibawa ke bitung dari bitung dibawa ke makassar baru diekspor. kita ini mendorong setiap wilayah perikanan harusnya ada ekspor sendiri. dari morotai ke palau dari biak ke palau jauh lebih dekat daripada dari biak dibawa dulu ke jakarta bawa ke makassar dulu baru di ekspor jelasnya.tak hanya memperjauh jarak tempuh yang membuat mutu ikan menurun ekspor yang tidak efisien tersebut juga memakan biaya yang jauh lebih besar. seharusnya semua wilayah timur harus ekspor langsung tapi bukan dari tengah laut pakai kapal tramper itu illegal fishing namanya kata dia.,non-clickbait,0,8
intelijen militer jerman perluas penyelidikan pengaruh ekstrem kanan di bundeswehr.,republika.co.id,International,Internasional,intelijen militer jerman militrischer abschirmdienst mad memperluas penyelidikan soal pengaruh ekstremis kanan di militer jerman bundeswehr kata beberapa media hari selasa 1009. penyelidikan terutama fokus pada satuan elit militer kommando spezialkrfte ksk.jumlah tentara di ksk yang diyakini bersimpati terrhadap ekstrem kanan luar biasa tinggi kata sebuah sumber kepada majalah berita der spiegel.wakil menteri pertahanan gerd hoofe mengatakan kepada komisi pengawas militer di parlemen meningkatnya jumlah ekstremis kanan di ksk memerlukan penyelidikan lebih lanjut tulis derspiegel. dia juga mengatakan penyelidikan terhadap ekstremisme kanan di ksk telah menjadi prioritas bagi mad.bundeswehr telah mengalami beberapa insiden penting dalam beberapa tahun terakhir terkait dengan ekstrem kanan namun inilah pertama kalinya pasukan elit ksk berada di bawah pengawasan khusus.ksk beranggotakan sekitar 1100 tentara dan sering diminta oleh nato dan amerika serikat untuk membantu operasi antiteror di balkan dan timur tengah.menurut organisasi jaringan berita redaktionsnetzwerk deutschland pengaruh ekstrem kanan terburuk terutama ada di satuan pasukan terjun payung yang berpusat di sekitar pangkalan militer franzjosephstrauss di altenstadt negara bagian bayern. pangkalan militer itu pernah jadi kepala berita pada 1990an ketika mad menemukan bahwa tentara di sana merayakan ulang tahun hitler dan menyanyikan lagulagu partai nazi.mad kini sedang menyelidiki anggota militer yang dekat dengan franco a. seorang tentara yang mengejutkan jerman ketika ia ditangkap tahun 2017. franco a. ditangkap ketika sedang berusaha mengambil pistol dan amunisi yang disembunyikannya di bandara di wina. selain senjata ditemukan juga bahan peledak.franco a. dituduh merencanakan serangan terhadap para politisi dan tokoh masyarakat di jerman yang dianggap ramah terhadap pengungsi dengan menyamar sebagai pengungsi dari suriah. dia bahkan sempat mendaftarkan diri dengan identitas yang salah sebagai pengungsi asal suriah dan diterima di sebuah penampungan pengungsi di jerman. namun franco a. kemudian dibebaskan dari tuduhan terorisme dan hanya dikenai sanksi karena pelanggaran senjata.mad juga mengamati kelompok ekstremis kanan nordkreuz yang giat di internet. namun kapasitas pengumpulanintelijen mad dianggap terlalu kecil dan tidak punya cukup personel maupun sumber daya untuk melakukan penyelidikan seluas itu.kementerian pertahanan jerman telah mengisyaratkan bahwa mereka ingin memperkuat penyelidikan mengenai pengaruh ekstrem kanan di militer. hpts,non-clickbait,0,13
pemerintah buka seluruh layanan data internet di papua barat.,republika.co.id,News,Nasional,republika.co.id jakarta kementerian komunikasi dan informatika kemkominfo sudah sepenuhnya membuka akses data internet di papua barat setelah beberapa pekan belakangan diblokir menyusul kericuhan yang terjadi di papua dan papua barat. situasi di papua dinilai sudah kondusif.sehubungan dengan situasi dan kondisi keamanan di seluruh wilayah provinsi papua barat sudah kondusif pemerintah membuka kembali seluruh layanan data yang diselenggarakan oleh operator seluler di 13 kabupatenkota di provinsi tersebut pada rabu 119 pukul 16.00 wit kata plt. kepala biro humas kementerian kominfo ferdinandus setu melalui keterangan resmi rabu 119.akses internet di dua kota terakhir di papua barat manokwari dan sorong dibuka mulai siang ini setelah dipastikan kondisi di dua kota tersebut dinyatakan kondusif. pemerintah sudah membuka akses internet di 11 kabupaten di papua barat secara bertahap sejak 4 september yaitu fak fak sorong selatan raja ampat teluk bintuni teluk wondama kaimana tambrauw maybrat manokwari selatan pegunungan arfak dan kabupaten sorong.sementara di provinsi papua pembatasan internet masih berlaku di kota jayapura dan kabupaten jayapura pemerintah masih memantau kondisi di kedua wilayah tersebut hingga dua hari ke depan. dari 29 kabupatenkota di wilayah papua sebanyak 27 kabupaten sudah dibuka kembali layanan data internet secara bertahap yaitu kabupaten keerom puncak jaya puncak asmat boven digoel mamberamo raya mamberamo tengah intan jaya yalimo lanny jaya mappi dan tolikara.kemenkominfo juga sudah membuka internet di nduga supiori waropen merauke biak numfor yapen sarmi paniai dogiyai deiyai pegunungan bintang yahukimo nabire jayawijaya dan mimika. menurut data kemekominfo sebaran yang berkaitan dengan papua menurun sejak 31 agustus per 6 september terdapat 6.060 url yang menyiarkan .puncak terkait papua terjadi pada 30 agustus kemenkominfo mencatat terdapat 72 ribu url. sebaran menurun menjadi 42 ribu url pada 31 agustus dan kembali turun menjadi 19 ribu pada 1 september.,non-clickbait,0,25
kedubes jerman ucapkan belasungkawa wafatnya bj habibie.,republika.co.id,News,Nasional,republika.co.idjakarta kedutaan besar jerman melalui akun resmi mengucapkan belasungkawa mendalam atas wafanya mantan presiden ri bacharuddin jusuf habibie atau kerap disapa bj habibie. jerman merasa bj habibie berjasa dalam membina hubungan baik kedua negara.kami menerima berita wafatnya presiden ke3 ri ym bj habibie dengan kesedihan dan kepedihan yang mendalam. belasungkawa sedalamdalamnya kepada keluarga yang ditinggalkan. ym presiden habibie telah luar biasa berjasa bagi indonesia dan persahabatan indonesia dan jerman. rasa terima kasih kami yang abadi. hastag rip demikian cicitan kedubes jerman melalui akun resmi kedubesjerman.almarhum bj habibie memiliki hubungan yang sangat dekat dengan jerman. beliau kuliah di universitas rwth aachen jerman pada 1955. beliau selalu dikenal sebagai pribadi yang egaliter pendidik dan suri tauladan yang luar biasa bagi bangsa indonesia. dalam resmi duta besar indonesia untuk jerman arif havas oegroseno juga mengucapkan belasungkawa mendalam atas kepergian almarhum bj habibie.selamat jalan bapak bj habibie semoga allah swt memberikan tempat terbaik di sisinya. terima kasih sudah memberikan pelajaran langsung kepada saya. insya allah dapat mengamalkannya cicitnya melalui akun presiden ke3 ri meninggal dunia pukul 18.03 wib di rspad gatot soebroto jakarta rabu 119. kabar duka tersampaikan dari anak keduanya thareq habibie. ketua tim dokter kepresidenan tdk prof dr azis rani dalam keterangan resminya menyebut bahwa habibie masuk rspad sejak 1 september 2019. ia ditangani tim dokter spesialis dengan berbagai bidang keahlian seperti jantung penyakit dalam dan ginjal. sebelumnya bj habibie sempat dirawat di jerman setelah mengalami kebocoran klep jantung.,non-clickbait,0,25
amran seluruh masyarakat berduka atas meninggalnya habibie.,republika.co.id,News,Nasional,republika.co.id jakarta presiden ri ke3 bj habibie mengembuskan napas terakhirnya pada rabu 119 petang pukil 18.05 wib. kepergian bapak teknologi indonesia ini membawa duka bagi seluruh masyarakat salah satunya menteri pertanian amran sulaiman.amran yang hadir ke kediaman almarhum habibie mengungkapkan rasa berduka cita atas meninggalnya bj habibie.pertama kami ucapkan innalilahi kami seluruh masyarakat indonesia ikut berduka cita atas meninggalnya prof habibie kata amran kepada wartawan di depan kediaman alm. habibie di parta kuningan jakarta rabu 119.amran juga mengaku sangat merasa kehilangan atas meninggalnya bapak demokrat indonesia.dan kita merasa kehilangan beliau adalah bapak demokrat kata amran.diketahui presiden ketiga republik indonesia bj habibie meninggal dunia setelah sempat menjalani perawatan di rumah sakit pusat angkatan darat gatot soebroto rspad jalan abdul rachman saleh senen jakarta pusat.bismillahirohmanirohim saudarasaudara sekalian atas nama yang maha besar kami harus dengan sangat berat mengucapkan bahwa ayah saya bj habibie presiden ke 3 telah meninggal dunia jam 18.03 ujar putra bungsu bacharuddin jusuf bj habibie thareq kemal habibie rabu.,non-clickbait,0,25
polisi papua tangkap pengurus ulmwp dan knpb.,republika.co.id,News,Nasional,republika.co.id jayapura polisi menangkap beberapa pengurus persatuan gerakan pembebasan papua baratatau united liberation movement for west papua ulmwp dan komite nasional papua barat knpb. di antara pengurus yang ditangkap telah ditetapkan sebagai tersangka.kapolda papua irjen polisi rudolf rodjadi jayapura kamis 129 mengemukakan sudah ada pengurus ulmwp dan knpb yang ditangkap. namun penyidik masih memilah untuk mengetahui peran masingmasing. kami masih menunggu laporan tentang siapa saja yang masuk dalam organisasi tersebut kata rodja.sampai saat ini tercatat 40 orang sudah ditetapkan sebagai tersangka termasuk buchtar tabuni dan steven itlay. para tersangka itu ada yang dikenakan pasal uu darurat pelaku kerusuhan serta otak di balik kerusuhan. mereka harus bertanggung jawab terhadap pelanggaran yang dilakukan kata rodja.ketika ditanya tentang situasi keamanan secara keseluruhan kapolda papua mengaku relatif kondusif namun aparat tetap berjagajaga . secara keseluruhan situasi keamanan relatif kondusif kata rodja.,non-clickbait,0,25
agen thibaut courtois ditangkap polisi terkait kasus korupsi.,republika.co.id,Bola,Sepak Bola,republika.co.idbrussels seorang agen sepak bola telah ditangkap di monako atas tuduhan penipuan korupsi dan pencucian uang dalam transfer pemain di belgia. sebuah sumber pengadilan mengatakan agen itu adalah christophe henrotay yang telah terlibat dalam sejumlah transfer internasional.henrotay diduga terlibat pencucian uang dan korupsi skala besar yang melibatkan asosiasi sepak bola belgia kbvb. penangkapan henrotay menjadi babak baru pengungkapan skandal korupsi dunia sepak bola belgia. sebelumnya pihak kepolisian belgia sudah menahan 20 orang yang terlibat di dalam skandal besar ini.seperti dikutip rabu 119 henrotay terlibat sejumlah transfer internasional termasuk yang melibatkan para pemain dan klubklub asal belgia. kliennya termasuk penjaga gawang real madrid thibaut courtois dan pemain sayap yannick carrasco dan kevin mirallas.jaksa federal belgia mengatakan mereka meminta ekstradisi agen tersebut setelah penggerebekan di monako london dan liege pada selasa 109 dan rabu 119 di dua apartemen berbeda. pihak berwenang menyita sebuah kapal tiga mobil mewah dan sejumlah uang sebesar 7 juta euro.penyelidik belgia juga telah menangkap asisten sang agen di belgia. jaksa tidak menentukan transfer sepak bola mana yang dicurigai.surat kabar asal belgia vrt menambahkan skandal besar ini mulai terkuak pada pertengahan 2018 terkait penggerebekan yang dilakukan di anderlecht dan asosiasi sepak bola belgia. saat itu kepolisian melihat adanya tindakan memcurigakan pada proses kepindahan aleksandar mitrovic dari anderlecht menuju newcastle united.,non-clickbait,0,6
demo kerusuhan mahasiswa dinilai jadi ancaman investasi di indonesia.,wowkeren.com,News,-,berbagai aksi unjuk rasa oleh mahasiswa di sejumlah perguruan tinggi yang belakangan ini terjadi di indonesia dinilai akan menimbulkan ancaman baru. ancaman baru yang dimaksud adalah peluang indonesia dalam mencari ataupun mempertahankan para investor untuk melakukan investasi.ancaman ini berpeluang besar terjadi saat sistem hukum di indonesia sendiri saat ini tengah mengalami berbagai guncangan. sebut saja keputusan anggota dewan perwakilan rakyat dpr yang telah mengesahkan revisi uu kpk dan saat ini juga sedang terkena polemik besar dengan para mahasiswa yang berdemo usai kembali akan melakukan keputusan kontroversial dengan mengesahkan ruu kuhp.keputusan pemerintah yang sarat kontroversi ini lantas membuat sistem hukum di indonesia menjadi tidak jelas dan terkesan tidak tegas. padahal kepastian hukum di suatu negara dinilai menjadi modal penting bagi para investor yang ingin menanamkan modalnya.kepala departemen ekonomi dari center for strategic and international studies csis yose rizal damhuri menjelaskan jika fenomena demonstrasi yang belakangan ini kerap terjadi merupakan hal yang wajar dalam dunia demokrasi. namun jika aksi demo yang dilakukan untuk memberikan tekanan demi mengubah suatu arah kebijakan maka hal ini bisa mempengaruhi dunia bisnis.itu artinya dalam proses demokrasi kita kebijakan bisa ditentukan dengan turun ke jalan dan ini bukan hanya untuk kejadian halhal yang sifatnya fundamental kata yose rizal damhuri pada rabu 255. tetapi ini juga yang mempengaruhi iklim bisnis.aksi demonstrasi ini sendiri dinilai akan mempengaruhi keputusan investasi dari para investor di pasar modal baik dalam jangka pendek maupun jangka panjang. dampak jangka pendek yang diderita indonesia dari segi keuangan adalah melemahnya rupiah sejak pekan lalu menurut data resmi ihsg.sementara itu untuk dampak untuk jangka panjang dari aksi demo ini dalam dunia investasi adalah dapat mempengaruhi keputusan investor secara langsung di sektor riil. yose rizal mengingatkan jika investasi langsung merupakan investasi jangka panjang yang tentunya sangat membutuhkan kepastian hukum.kalau kita bicara investasi langsung kita bicara aktivitas yang dilakukan selama 30 tahun ke depan dan di situ perlu kepastian yang lebih tinggi terhadap kebijakan jelas yose. misalnya pemerintah mengeluarkan kebijakan terkait ketenagakerjaan yang sifatnya mendorong sistem ketenagakerjaan yang lebih fleksibel. kemudian ada demo yang menentang itu lalu akan ada perubahan. hal itu kan meningkatkan ketidakpastian di dalam kebijakan itu sendiri.,non-clickbait,0,25
qualcomm hadirkan chipset untuk smartphone kelas menengah tahun depan.,tribunnews.com,Tekno,Techno,mengumumkan akan menghadirkan untuk smartphone kelas menengah pada gelaran internationale funkausstellung berlin ifa 2019.mengutip dari laman the verge pada selasa 1092019 mengatakan ini dapat mendukung teknologi 5g. dengan ini smartphone kelas menengah dapat menggunakan teknologi 5g seperti smartphone unggulan lainnya.berbeda dengan handset 5g lainnya yang memisahkan modem 5g dengan prosesor pada chipset ini qualcomm berencana akan mengintegrasikan modem 5g ke dalam prosesor.qualcomm baru akan memberikan rincian mengenai terintegrasi ini pada akhir tahun 2019. cchipset ini akan tersedia secara komersial pada paruh kedua tahun 2020.saat ini sudah ada 12 produsen yang diklaim akan menggunakan ini termasuk lg oppo realme redmi vivo motorola hmd global dan lg.,non-clickbait,0,35
giliran nono sampono kunjungi sabam sebagai senior panutan.,tribunnews.com,News,Nasional,politisi senior kembali mendapat kunjungan dari tokoh yang samasama di .kali ini yang datang adalah yang saat ini wakil ketua dpd.sebelumnya sabam juga menerima kunjungan dari jimly asshiddiqie dan la nyalla mattalitinono sampono senator dari maluku itu mengatakan bahwa ia senantiasa berkunjung kepada anggota dpd baik yang petahana maupun yang baru terpilih dalam pemilu 2019.nonomengaku sudah ada 90 persen anggota dpd yang ia kunjungi.apalagi bang sabam ini politisi senior kata nono di ruangan sabam di gedung dpd ri komplek parlemen senayan jakarta pada selasa 1092019.nono mengaku mengenal politisi yang sudah berkecimpung bersama 7 presiden itu sudah cukup lama.nono mengatakan bahwa ia sering berdiskusi dengan sabam dan taufiq kiemas.di masa lalu kami sering diskusi ngobrol bertiga. banyak ilmu pengetahuan yang saya serap dari mereka berdua ungkap nono.lebihlebih sambung nono sabam merupakan salah seorang deklarator pdi yang kemudian menjadi pdi perjuangan sebuah partai nasionalis yang sangat berwawasan kebangsaan.maka dalam konteks itulah dpd perlu membangun jaringan yang sama untuk bekerja bersama membangun indonesia.sebagai politisi senior bang sabam itu panutan kita semua ungkap nono.,non-clickbait,0,25
pbnu gandeng sutradara livi zheng garap film the santri angkat santri indonesia sampai as.,tribunnews.com,Celebrity,Seleb,ketika diminta menyutradarai film the santri sebuah kebanggaan. sejarah indonesia tidak lepas dari sejarah santri. lalu ini mengangkat keragaman budaya indonesia tutur wanita cantik livi zheng dalam konferensi pers produksi film the santri senin 992019 di kantor pbnu kramat raya jakarta.film yang produksinya bekerja sama dengan pihak pengurus besar nahdlatul ulama pbnu tersebut diperankan gus azmi veve zulfikar wirda mansur dan emil dardak.ketika ditanya apakah livi zheng juga akan ikut ambil bagian sebagai pemain seperti di sejumlah film dia sebelumnya livi zheng mengaku belum memutuskannya karena masih berdiskusi dengan tim produksi.menurut livi zheng syuting akan berlangsung di indonesia dan amerika serikat mulai oktober mendatang. film diprediksi tayang pada april 2020.dalam kesempatan itu ketua umum pbnu said aqil siroj mengatakan the santri bisa menjadi media dakwah dalam konteks pendidikan budaya dan akhlak sekaligus sarana memperkuat memperkokoh islam di nusantara.ciri khas islam nusantara islam yang harmonis dengan budaya kecuali budaya yang bertentangan dengan syariat. melalui film ini kita dakwahkan islam yang santun menjadikan indonesia kiblat peradaban bukan kiblat solat ya terang ketum pbnusaid aqil siroj didampingi sekjen pbnuhelmy faishal zaini.kemudian mengenai alasan menggandeng sutradara livi zheng pbnu mengatakan terlepas dari pembicaraan banyak orang jaringan livi zheng di hollywood yang diyakini luas menjadi salah satu alasannya.selain itu sosok livi zheng yang muda diharapkan bisa menghasilkan karya yang cocok untuk para milenial tidak hanya di indonesia tetapi dunia.komposer purwacaraka juga terlibat dalam film tersebut. saat ini purwacarakan mengaku masih berdiskusi dengan sejumlah pihak terkait indentitas keindonesiaan seperti apa yang akan ditonjolkan dalam film the santri lewat musik pengiringnya.kita nanti akan lihat masih harus berdiskusi sejauh mana identitas muncul agar pas di market. intinya semua yang bermaksud baik untuk kemajuan indonesia harus saya support pungkas kompuser purwacaraka.,non-clickbait,0,7
keluarga sarankan imam nahrawi tempuh praperadilan.,tribunnews.com,News,Nasional,tersangka kasus korupsi dugaan penyaluran dana hibah untuk komite olahraga nasional indonesia koni sudah membicarakan langkah hukum yang akan ditempuh kepada keluarga.sudah. tapi masih belum detail ujar adik saat diwawancarai kompas tv kamis 1992019 petang.menurut sang adik akan berupaya membuktikan dirinya tidak bersalah.semua upaya hukum yang tersedia akan dipakai imam nahrawi untuk membuktikannya.apa yang menjadi fasilitas hukum yang ada di negara ini akan kita gunakan sebaikbaiknya. contohnya asas praduga tak bersalah. itu harus diopinikan bersamasama bahwa status tersangka itu belum tentu salah jelasnya.praperadilan pun tidak tertutup kemungkinan akan ditempuh .bahkan keluarga akan mendorong imam nahrawi mengambil upaya hukum praperadilan.jadi salah satu pertimbangan kami untuk disampaikan kepada mas imam agar proses praperadilan juga harus diambil sebagai salah satu upaya hukum yang berlaku di negara kita ini ujarnya.jika diperlukan seperti itu. artinya kita akan menyampaikan kepada masyarakat bahwa keadilan itu akan kita tunjukkan sebenarbenarnya tambahnya.,non-clickbait,0,25
